===== Sheet: Sheet1 (12行) =====
070729洪水过程线计算表 |  |  |  |  |  |  |  | 
 |  |  |  |  |  |  |  | 万立米
月 | 日 | 观测时间 | 断面流量 | 入库流量 | 平均流量 | 历时 | 水量 | 累计水量
7.0 | 27.0 | 08:00:00 | 7.0 | 8.61 |  |  |  | 
7.0 | 28.0 | 08:00:00 | 4.2 | 5.166 | 6.888 | 24.0 | 59.51232 | 
 | 29.0 | 08:00:00 | 15.0 | 18.45 | 11.808 | 24.0 | 102.02112 | 161.53343999999998
 |  | 09:00:00 | 45.0 | 55.35 | 36.9 | 1.0 | 13.283999999999999 | 174.81743999999998
 |  | 11:00:00 | 29.0 | 35.67 | 45.510000000000005 | 2.0 | 32.7672 | 207.58463999999998
 |  | 20:00:00 | 30.0 | 36.9 | 36.285 | 9.0 | 117.56339999999997 | 325.1480399999999
 | 30.0 | 08:00:00 | 14.7 | 18.081 | 27.490499999999997 | 12.0 | 118.75895999999999 | 443.9069999999999
 |  | 20:00:00 | 11.1 | 13.652999999999999 | 15.866999999999999 | 12.0 | 68.54544 | 512.4524399999999
 | 31.0 | 08:00:00 | 10.1 | 12.423 | 13.038 | 12.0 | 56.324160000000006 | 568.7765999999999
===== Sheet: 图表1 (9行) =====
8.6
5.2
18.5
55.4
35.67
36.9
18.081
13.652999999999999
12.423
===== Sheet: 图表2 (9行) =====
8.6
5.2
18.5
55.4
35.67
36.9
18.081
13.652999999999999
12.423
===== Sheet: Sheet2 (10行) =====
月 | 日 | 观测时间 | 入库流量
7.0 | 27.0 | 08:00:00 | 8.6
 | 28.0 | 08:00:00 | 5.2
 | 29.0 | 08:00:00 | 18.5
 |  | 09:00:00 | 55.4
 |  | 11:00:00 | 35.67
 |  | 20:00:00 | 36.9
 | 30.0 | 08:00:00 | 18.081
 |  | 20:00:00 | 13.652999999999999
 | 31.0 | 08:00:00 | 12.423
===== Sheet: Sheet4 (20行) =====
桃曲坡水库2008年水文要素统计表 |  |  |  |  |  |  |  |  |  | 
单位：万m3     mm |  |  |  |  |  |  |  |  |  | 
月份项目 | 来水量 |  |  |  | 降雨量 |  |  |  |  | 
 | 沮水河 | 马栏河 | 入库 | 入库多年平均 | 枢纽站 | 多年平均 | 红星站 | 尚书站 | 马栏站 | 柳林站
1.0 | 336.0 | 92.0 | 428.0 | 255.0 | 25.7 | 3.8 | 26.0 | 23.0 | 20.1 | 
2.0 | 179.0 | 76.0 | 255.0 | 207.0 | 12.1 | 8.4 | 8.1 | 11.1 | 8.0 | 
3.0 | 190.0 | 252.0 | 442.0 | 228.0 | 16.5 | 20.3 | 14.7 | 15.1 | 23.5 | 
4.0 | 399.0 | 256.0 | 655.0 | 217.0 | 32.0 | 26.6 | 26.4 | 38.1 | 26.2 | 
5.0 | 219.0 | 182.0 | 401.0 | 255.0 | 9.6 | 41.3 | 9.2 | 9.1 | 23.4 | 22.0
6.0 | 322.0 | 170.0 | 492.0 | 271.0 | 103.9 | 60.4 | 98.3 | 96.2 | 135.1 | 114.0
7.0 | 236.0 | 248.0 | 484.0 | 685.0 | 65.5 | 102.5 | 64.6 | 62.1 | 108.7 | 84.3
8.0 | 228.0 | 121.0 | 349.0 | 1220.0 | 38.7 | 111.6 | 57.8 | 73.0 | 50.2 | 85.2
9.0 | 250.0 | 159.0 | 409.0 | 1333.0 | 70.2 | 79.7 | 69.3 | 49.7 | 91.6 | 81.5
10.0 | 278.0 | 255.0 | 533.0 | 2183.0 | 34.5 | 43.0 | 36.7 | 38.2 | 17.8 | 38.4
11.0 | 253.0 | 107.0 | 360.0 | 575.0 | 8.5 | 14.4 | 10.3 | 9.7 | 11.6 | 
12.0 | 220.0 | 64.0 | 284.0 | 343.0 | 0.0 | 4.1 | 0.0 | 0.0 | 0.0 | 
合计 | 3111.0 | 1981.0 | 5092.0 | 7771.0 | 417.2 | 512.8 | 421.4 | 425.3 | 516.1999999999999 | 
多年平均值 |  |  | 7771.0 |  | 512.8 |  |  |  |  | 
占比例 |  |  | 0.655 |  | 0.8135725429017161 |  |  |  |  | 
注明：1、马栏来水指实际引入桃库的水量。2、柳林站非汛期不报降雨量，所以雨量资料不全。 |  |  |  |  |  |  |  |  |  | 
===== Sheet: 图表3 (11行) =====
768.24 | 376.6
770.08 | 532.55
771.3 | 679.75
772.35 | 815.95
773.47 | 950.75
774.39 | 1084.25
775.15 | 1213.15
775.82 | 1334.75
776.43 | 1450.25
777.02 | 1564.75
777.14 | 1595.12
===== Sheet: 图表4 (11行) =====
768.24
770.08
771.3
772.35
773.47
774.39
775.15
775.82
776.43
777.02
777.14
===== Sheet: Sheet7 (11行) =====
8月7日8时 | 768.24 | 376.6
8月6日8时 | 770.08 | 532.55
8月5日8时 | 771.3 | 679.75
8月4日8时 | 772.35 | 815.95
8月3日8时 | 773.47 | 950.75
8月2日8时 | 774.39 | 1084.25
8月1日8时 | 775.15 | 1213.15
7月31日8时 | 775.82 | 1334.75
7月30日8时 | 776.43 | 1450.25
7月29日8时 | 777.02 | 1564.75
7月28日8时 | 777.14 | 1595.12
===== Sheet: Sheet6 (69行) =====
逆时序推求水位库容关系曲线计算表 |  |  |  |  |  |  |  | 
m、万m3 |  |  |  |  |  |  |  | 
时间 |  |  | 库水位 | w出 | V末 | w入 | 推算V初 | 查97线得V
月 | 日 | 时 |  |  |  |  |  | 
 |  |  | 766.6 |  |  |  | 0.0 | 238.0
 |  |  | 767.4 |  |  |  | 31.0 | 302.0
8.0 | 7.0 | 8.0 | 768.24 | 164.85 | 376.6 | 8.9 |  | 377.0
 | 6.0 | 8.0 | 770.08 | 156.4 | 532.55 | 9.2 | 532.5500000000001 | 559.0
 | 5.0 | 8.0 | 771.3 | 145.4 | 679.75 | 9.2 | 679.7499999999999 | 701.0
 | 4.0 | 8.0 | 772.35 | 144.2 | 815.95 | 9.4 | 815.9499999999999 | 839.0
 | 3.0 | 8.0 | 773.47 | 143.6 | 950.75 | 10.1 | 950.7500000000001 | 979.0
 | 2.0 | 8.0 | 774.39 | 139.1 | 1084.25 | 10.2 | 1084.25 | 1125.0
 | 1.0 | 8.0 | 775.15 | 131.8 | 1213.15 | 10.2 | 1213.1499999999999 | 1238.0
7.0 | 31.0 | 8.0 | 775.82 | 127.1 | 1334.75 | 11.6 | 1334.75 | 1344.0
 | 30.0 | 8.0 | 776.43 | 126.5 | 1450.25 | 12.0 | 1450.25 | 1440.0
 | 29.0 | 8.0 | 777.02 | 42.97 | 1564.75 | 12.6 | 1564.75 | 1543.0
 | 28.0 | 8.0 | 777.14 | 41.69 | 1595.12 | 212.5 | 1595.1200000000001 | 1562.0
7.0 | 14.0 | 8.0 | 775.88 | 54.11 | 1424.31 | 8.0 | 1424.31 | 1355.0
 | 13.0 | 8.0 | 776.18 | 95.57 | 1470.42 | 7.3 | 1470.4199999999998 | 1402.0
 | 12.0 | 8.0 | 776.64 | 93.66 | 1558.69 | 7.7 | 1558.69 | 1475.0
 | 11.0 | 8.0 | 777.1 | 34.08 | 1644.65 | 8.8 | 1644.65 | 1556.0
 | 10.0 | 8.0 | 777.24 |  |  |  | 1669.93 | 1578.0
6.0 | 27.0 | 8.0 | 776.56 | 31.48 | 1475.48 | 242.5 |  | 1461.0
 | 15.0 | 8.0 | 774.92 | 30.26 | 1264.46 | 12.1 | 1264.46 | 1203.0
 | 14.0 | 8.0 | 775.04 | 136.02 | 1282.62 | 7.1 | 1282.6200000000001 | 1221.0
 | 13.0 | 8.0 | 775.84 | 136.04 | 1411.54 | 7.3 | 1411.54 | 1348.0
 | 12.0 | 8.0 | 776.6 | 136.58 | 1540.28 | 7.3 | 1540.28 | 1468.0
 | 11.0 | 8.0 | 777.31 | 105.09 | 1669.56 | 7.3 | 1669.56 | 1590.0
 | 10.0 | 8.0 | 777.83 | 42.22 | 1767.35 | 7.3 | 1767.35 | 1679.0
 | 9.0 | 8.0 | 778.03 |  |  |  | 1802.27 | 1715.0
4.0 | 8.0 | 8.0 | 776.84 | 32.38 | 1596.06 | 23.5 |  | 1511.0
 | 7.0 | 8.0 | 776.94 | 60.05 | 1604.94 | 23.5 | 1604.94 | 1529.0
 | 6.0 | 8.0 | 777.16 | 76.57 | 1641.49 | 23.5 | 1641.49 | 1566.0
 | 5.0 | 8.0 | 777.48 | 88.98 | 1694.56 | 23.5 | 1694.56 | 1617.0
 | 4.0 | 8.0 | 777.82 | 104.82 | 1760.04 | 23.5 | 1760.04 | 1678.0
 | 3.0 | 8.0 | 778.24 | 107.83 | 1841.36 | 23.5 | 1841.36 | 1753.0
 | 2.0 | 8.0 | 778.65 | 108.17 | 1925.69 | 23.5 | 1925.6899999999998 | 1830.0
 | 1.0 | 8.0 | 779.04 | 112.83 | 2010.36 | 16.98 | 2010.3600000000001 | 1908.0
3.0 | 31.0 | 8.0 | 779.45 | 117.13 | 2106.21 | 16.98 | 2106.21 | 1990.0
 | 30.0 | 8.0 | 779.87 | 114.77 | 2206.36 | 16.98 | 2206.36 | 2081.0
 | 29.0 | 8.0 | 780.28 | 112.76 | 2304.15 | 16.98 | 2304.15 | 2166.0
 | 28.0 | 8.0 | 780.65 | 113.12 | 2399.93 | 16.98 | 2399.9300000000003 | 2240.0
 | 27.0 | 8.0 | 781.06 | 112.48 | 2496.07 | 16.98 | 2496.0699999999997 | 2322.0
 | 26.0 | 8.0 | 781.44 | 110.2 | 2591.57 | 16.98 | 2591.57 | 2398.0
 | 25.0 | 8.0 | 781.8 | 31.74 | 2684.79 | 16.98 | 2684.79 | 2476.0
 | 24.0 | 8.0 | 781.84 |  |  |  | 2699.5499999999997 | 2485.0
12.0 | 26.0 | 8.0 | 781.12 | 31.19 | 2511.15 | 9.42 |  | 2334.0
 | 25.0 | 8.0 | 781.22 | 56.58 | 2532.92 | 9.42 | 2532.92 | 2354.0
 | 24.0 | 8.0 | 781.45 | 60.38 | 2580.08 | 9.42 | 2580.08 | 2400.0
 | 23.0 | 8.0 | 781.65 | 59.12 | 2631.04 | 9.42 | 2631.04 | 2443.0
 | 22.0 | 8.0 | 781.93 | 79.0 | 2680.74 | 9.42 | 2680.74 | 2505.0
 | 21.0 | 8.0 | 782.18 | 79.36 | 2750.32 | 10.71 | 2750.3199999999997 | 2556.0
 | 20.0 | 8.0 | 782.49 | 104.44 | 2818.97 | 10.71 | 2818.9700000000003 | 2618.0
 | 19.0 | 8.0 | 782.83 | 104.83 | 2912.7 | 10.71 | 2912.7 | 2683.0
 | 18.0 | 8.0 | 783.16 | 104.83 | 3006.82 | 10.71 | 3006.8199999999997 | 2752.0
 | 17.0 | 8.0 | 783.57 | 122.69 | 3100.94 | 10.71 | 3100.94 | 2834.0
 | 16.0 | 8.0 | 784.03 | 127.29 | 3212.92 | 10.71 | 3212.92 | 2926.0
 | 15.0 | 8.0 | 784.52 | 124.7 | 3329.5 | 10.71 | 3329.5 | 3024.0
 | 14.0 | 8.0 | 784.98 | 124.7 | 3443.49 | 10.71 | 3443.49 | 3126.0
 | 13.0 | 8.0 | 785.43 | 126.32 | 3557.48 | 10.71 | 3557.4799999999996 | 3233.0
 | 12.0 | 8.0 | 785.89 | 127.26 | 3673.09 | 10.71 | 3673.09 | 3344.0
 | 11.0 | 8.0 | 786.36 | 119.44 | 3789.64 | 15.03 | 3789.6400000000003 | 3453.0
 | 10.0 | 8.0 | 786.77 | 117.01 | 3894.05 | 15.03 | 3894.0499999999997 | 3547.0
 | 9.0 | 8.0 | 787.22 | 118.56 | 3996.03 | 15.03 | 3996.03 | 3652.0
 | 8.0 | 8.0 | 787.62 | 119.46 | 4099.56 | 15.03 | 4099.56 | 3748.0
 | 7.0 | 8.0 | 788.0 | 102.65 | 4203.99 | 15.03 | 4203.990000000001 | 3838.0
 | 6.0 | 8.0 | 788.34 | 97.89 | 4291.61 | 15.03 | 4291.61 | 3913.0
 | 5.0 | 8.0 | 788.66 | 34.12 | 4374.47 | 15.03 | 4374.47 | 3985.0
 | 4.0 |  | 788.78 |  |  |  | 4393.56 | 4011.0
===== Sheet: Sheet5 (396行) =====
柳林断面2008年来水量统计表 |  |  |  |  |  |  |  |  |  | 
万立米 |  |  |  |  |  |  |  |  |  | 
月 | 日 | 时 | 流量 | 平均流量 | 时段 | 水量 | 累计水量 | 月来水量 | 入库水量 | 
1.0 | 1.0 | 08:00:00 | 2.1 |  |  |  |  |  |  | 
 | 11.0 | 08:00:00 | 1.38 | 1.74 | 240.0 | 150.336 | 150.336 |  |  | 
 | 21.0 | 08:00:00 | 1.0 | 1.19 | 240.0 | 102.81599999999999 | 253.152 |  |  | 
2.0 | 1.0 | 08:00:00 | 1.0 | 1.0 | 264.0 | 95.03999999999999 | 348.192 | 348.2 | 428.286 | 
 | 11.0 | 08:00:00 | 0.85 | 0.925 | 240.0 | 79.92 | 428.112 |  |  | 
3.0 | 1.0 | 08:00:00 | 0.7 | 0.7749999999999999 | 456.0 | 127.22399999999999 | 555.336 | 207.144 | 254.78712000000002 | 
 | 11.0 | 08:00:00 | 1.1 | 0.9 | 240.0 | 77.75999999999999 | 633.096 |  |  | 
 | 21.0 | 08:00:00 | 1.09 | 1.0950000000000002 | 240.0 | 94.60800000000002 | 727.7040000000001 |  |  | 
4.0 | 1.0 | 08:00:00 | 2.84 | 1.9649999999999999 | 264.0 | 186.75359999999998 | 914.4576000000001 | 359.12160000000006 | 441.71956800000004 | 
 | 11.0 | 08:00:00 | 2.6 | 2.7199999999999998 | 240.0 | 235.00799999999998 | 1149.4656 |  |  | 
 | 21.0 | 08:00:00 | 1.45 | 2.025 | 240.0 | 174.95999999999998 | 1324.4256 |  |  | 
5.0 | 1.0 | 08:00:00 | 1.38 | 1.415 | 240.0 | 122.256 | 1446.6816000000001 | 532.224 | 654.63552 | 
 | 11.0 | 08:00:00 | 1.1 | 1.24 | 240.0 | 107.13600000000001 | 1553.8176 |  |  | 
 | 21.0 | 08:00:00 | 1.66 | 1.38 | 240.0 | 119.23199999999999 | 1673.0496 |  |  | 
 | 24.0 | 08:00:00 | 1.06 | 1.3599999999999999 | 72.0 | 35.2512 | 1708.3008 |  |  | 
 | 25.0 | 08:00:00 | 1.06 | 1.06 | 24.0 | 9.1584 | 1717.4592 |  |  | 
 | 26.0 | 08:00:00 | 1.06 | 1.06 | 24.0 | 9.1584 | 1726.6176 |  |  | 
 | 27.0 | 08:00:00 | 1.06 | 1.06 | 24.0 | 9.1584 | 1735.776 |  |  | 
 | 28.0 | 08:00:00 | 1.06 | 1.06 | 24.0 | 9.1584 | 1744.9344 |  |  | 
 | 29.0 | 08:00:00 | 1.06 | 1.06 | 24.0 | 9.1584 | 1754.0928000000001 |  |  | 
 | 30.0 | 08:00:00 | 1.06 | 1.06 | 24.0 | 9.1584 | 1763.2512000000002 |  |  | 
6.0 | 1.0 | 08:00:00 | 1.06 | 1.06 | 24.0 | 9.1584 | 1772.4096000000002 | 325.72800000000007 | 400.64544000000006 | 
 | 2.0 | 08:00:00 | 0.92 | 0.99 | 24.0 | 8.5536 | 1780.9632000000001 |  |  | 
 |  | 20:00:00 | 0.892 | 0.906 | 12.0 | 3.9139199999999996 | 1784.87712 |  |  | 
 | 3.0 | 08:00:00 | 0.92 | 0.906 | 12.0 | 3.9139199999999996 | 1788.79104 |  |  | 
 |  | 20:00:00 | 0.892 | 0.906 | 12.0 | 3.9139199999999996 | 1792.70496 |  |  | 
 | 4.0 | 08:00:00 | 0.92 | 0.906 | 12.0 | 3.9139199999999996 | 1796.61888 |  |  | 
 |  | 20:00:00 | 0.892 | 0.906 | 12.0 | 3.9139199999999996 | 1800.5328 |  |  | 
 | 5.0 | 08:00:00 | 0.892 | 0.892 | 12.0 | 3.85344 | 1804.38624 |  |  | 
 |  | 20:00:00 | 0.892 | 0.892 | 12.0 | 3.85344 | 1808.2396800000001 |  |  | 
 | 6.0 | 08:00:00 | 1.06 | 0.976 | 12.0 | 4.21632 | 1812.4560000000001 |  |  | 
 |  | 20:00:00 | 1.06 | 1.06 | 12.0 | 4.5792 | 1817.0352 |  |  | 
 | 7.0 | 08:00:00 | 1.02 | 1.04 | 12.0 | 4.4928 | 1821.528 |  |  | 
柳林断面2008年来水量统计表 |  |  |  |  |  |  |  |  |  | 
万立米 |  |  |  |  |  |  |  |  |  | 
月 | 日 | 时 | 流量 | 平均流量 | 时段 | 水量 | 累计水量 | 月来水量 | 入库水量 | 
 |  | 20:00:00 | 0.92 | 0.97 | 12.0 | 4.1904 | 1825.7184 |  |  | 
 | 8.0 | 08:00:00 | 0.892 | 0.906 | 12.0 | 3.9139199999999996 | 1829.63232 |  |  | 
 |  | 20:00:00 | 0.892 | 0.892 | 12.0 | 3.85344 | 1833.48576 |  |  | 
 | 9.0 | 08:00:00 | 0.85 | 0.871 | 12.0 | 3.76272 | 1837.24848 |  |  | 
 |  | 20:00:00 | 0.85 | 0.85 | 12.0 | 3.6719999999999997 | 1840.92048 |  |  | 
 | 10.0 | 08:00:00 | 0.85 | 0.85 | 12.0 | 3.6719999999999997 | 1844.59248 |  | 7.344000000000051 | 
 |  | 20:00:00 | 0.85 | 0.85 | 12.0 | 3.6719999999999997 | 1848.26448 |  |  | 
 | 11.0 | 08:00:00 | 0.85 | 0.85 | 12.0 | 3.6719999999999997 | 1851.93648 |  | 7.344000000000051 | 
 |  | 20:00:00 | 0.85 | 0.85 | 12.0 | 3.6719999999999997 | 1855.60848 |  |  | 
 | 12.0 | 08:00:00 | 0.85 | 0.85 | 12.0 | 3.6719999999999997 | 1859.2804800000001 |  | 7.344000000000051 | 
 |  | 20:00:00 | 0.85 | 0.85 | 12.0 | 3.6719999999999997 | 1862.9524800000002 |  |  | 
 | 13.0 | 08:00:00 | 0.85 | 0.85 | 12.0 | 3.6719999999999997 | 1866.6244800000002 |  | 7.344000000000051 | 
 |  | 20:00:00 | 0.82 | 0.835 | 12.0 | 3.6071999999999997 | 1870.23168 |  |  | 
 | 14.0 | 08:00:00 | 0.82 | 0.82 | 12.0 | 3.5423999999999998 | 1873.7740800000001 |  | 7.149599999999964 | 
 |  | 20:00:00 | 1.39 | 1.105 | 12.0 | 4.7736 | 1878.5476800000001 |  |  | 
 | 15.0 | 08:00:00 | 1.98 | 1.685 | 12.0 | 7.2791999999999994 | 1885.82688 |  | 12.052799999999934 | 
 |  | 20:00:00 | 3.16 | 2.5700000000000003 | 12.0 | 11.102400000000001 | 1896.92928 |  |  | 
 | 16.0 | 08:00:00 | 12.2 | 7.68 | 12.0 | 33.1776 | 1930.10688 |  |  | 
 |  | 14:00:00 | 7.87 | 10.035 | 6.0 | 21.6756 | 1951.78248 |  |  | 
 |  | 20:00:00 | 5.16 | 6.515000000000001 | 6.0 | 14.0724 | 1965.85488 |  |  | 
 | 17.0 | 08:00:00 | 3.36 | 4.26 | 12.0 | 18.4032 | 1984.25808 |  |  | 
 |  | 20:00:00 | 2.6 | 2.98 | 12.0 | 12.873599999999998 | 1997.13168 |  |  | 
 | 18.0 | 08:00:00 | 2.12 | 2.3600000000000003 | 12.0 | 10.195200000000002 | 2007.32688 |  |  | 
 |  | 20:00:00 | 1.81 | 1.965 | 12.0 | 8.488800000000001 | 2015.8156800000002 |  |  | 
 | 19.0 | 08:00:00 | 1.81 | 1.81 | 12.0 | 7.8191999999999995 | 2023.63488 |  |  | 
 |  | 20:00:00 | 1.99 | 1.9 | 12.0 | 8.207999999999998 | 2031.8428800000002 |  |  | 
 | 20.0 | 08:00:00 | 1.81 | 1.9 | 12.0 | 8.207999999999998 | 2040.0508800000002 |  |  | 
 |  | 20:00:00 | 1.81 | 1.81 | 12.0 | 7.8191999999999995 | 2047.8700800000001 |  |  | 
 | 21.0 | 08:00:00 | 1.66 | 1.7349999999999999 | 12.0 | 7.4952 | 2055.36528 |  |  | 
 |  | 20:00:00 | 1.66 | 1.66 | 12.0 | 7.171199999999999 | 2062.5364799999998 |  |  | 
 | 22.0 | 08:00:00 | 1.66 | 1.66 | 12.0 | 7.171199999999999 | 2069.7076799999995 |  |  | 
 |  | 20:00:00 | 1.66 | 1.66 | 12.0 | 7.171199999999999 | 2076.8788799999993 |  |  | 
 | 23.0 | 08:00:00 | 1.66 | 1.66 | 12.0 | 7.171199999999999 | 2084.050079999999 |  |  | 
柳林断面2008年来水量统计表 |  |  |  |  |  |  |  |  |  | 
万立米 |  |  |  |  |  |  |  |  |  | 
月 | 日 | 时 | 流量 | 平均流量 | 时段 | 水量 | 累计水量 | 月来水量 | 入库水量 | 
 |  | 20:00:00 | 1.39 | 1.525 | 12.0 | 6.587999999999998 | 2090.6380799999993 |  |  | 
 | 24.0 | 08:00:00 | 1.39 | 1.39 | 12.0 | 6.0047999999999995 | 2096.6428799999994 |  |  | 
 |  | 20:00:00 | 1.39 | 1.39 | 12.0 | 6.0047999999999995 | 2102.6476799999996 |  |  | 
 | 25.0 | 08:00:00 | 1.18 | 1.285 | 12.0 | 5.551199999999999 | 2108.1988799999995 |  |  | 
 |  | 20:00:00 | 1.16 | 1.17 | 12.0 | 5.054399999999999 | 2113.2532799999994 |  |  | 
 | 26.0 | 08:00:00 | 1.16 | 1.16 | 12.0 | 5.011199999999999 | 2118.2644799999994 |  |  | 
 |  | 20:00:00 | 1.16 | 1.16 | 12.0 | 5.011199999999999 | 2123.2756799999993 |  |  | 
 | 27.0 | 08:00:00 | 1.16 | 1.16 | 12.0 | 5.011199999999999 | 2128.286879999999 |  | 242.45999999999913 | 
 |  | 20:00:00 | 1.06 | 1.1099999999999999 | 12.0 | 4.7951999999999995 | 2133.082079999999 |  |  | 
 | 28.0 | 08:00:00 | 1.06 | 1.06 | 12.0 | 4.5792 | 2137.6612799999994 |  |  | 
 |  | 20:00:00 | 1.06 | 1.06 | 12.0 | 4.5792 | 2142.2404799999995 |  |  | 
 | 29.0 | 08:00:00 | 0.85 | 0.9550000000000001 | 12.0 | 4.1256 | 2146.3660799999993 |  |  | 
 |  | 20:00:00 | 0.85 | 0.85 | 12.0 | 3.6719999999999997 | 2150.0380799999994 |  |  | 
 | 30.0 | 08:00:00 | 0.89 | 0.87 | 12.0 | 3.7583999999999995 | 2153.7964799999995 |  |  | 
 |  | 20:00:00 | 2.86 | 1.875 | 12.0 | 8.1 | 2161.8964799999994 |  |  | 
7.0 | 1.0 | 08:00:00 | 1.96 | 2.41 | 12.0 | 10.411200000000001 | 2172.3076799999994 | 399.89807999999925 | 491.87463839999907 | 
 |  | 20:00:00 | 1.66 | 1.81 | 12.0 | 7.8191999999999995 | 2180.1268799999993 |  |  | 
 | 2.0 | 08:00:00 | 1.52 | 1.5899999999999999 | 12.0 | 6.868799999999999 | 2186.9956799999995 |  |  | 
 |  | 20:00:00 | 1.39 | 1.455 | 12.0 | 6.2856 | 2193.2812799999997 |  |  | 
 | 3.0 | 08:00:00 | 1.39 | 1.39 | 12.0 | 6.0047999999999995 | 2199.28608 |  |  | 
 |  | 20:00:00 | 1.39 | 1.39 | 12.0 | 6.0047999999999995 | 2205.29088 |  |  | 
 | 4.0 | 08:00:00 | 1.39 | 1.39 | 12.0 | 6.0047999999999995 | 2211.29568 |  |  | 
 |  | 20:00:00 | 1.39 | 1.39 | 12.0 | 6.0047999999999995 | 2217.3004800000003 |  |  | 
 | 5.0 | 08:00:00 | 1.66 | 1.525 | 12.0 | 6.587999999999998 | 2223.8884800000005 |  |  | 
 | 6.0 | 08:00:00 | 1.39 | 1.39 | 12.0 | 6.0047999999999995 | 2236.481280000001 |  |  | 
 |  | 20:00:00 | 1.21 | 1.2999999999999998 | 12.0 | 5.615999999999999 | 2242.097280000001 |  |  | 
 | 7.0 | 08:00:00 | 1.21 | 1.21 | 12.0 | 5.2272 | 2247.3244800000007 |  |  | 
 |  | 20:00:00 | 1.06 | 1.135 | 12.0 | 4.9032 | 2252.227680000001 |  |  | 
 |  | 20:00:00 | 1.39 | 1.525 | 12.0 | 6.587999999999998 | 2230.4764800000007 |  |  | 
 | 8.0 | 08:00:00 | 1.06 | 1.06 | 12.0 | 4.5792 | 2256.806880000001 |  |  | 
 |  | 20:00:00 | 1.06 | 1.06 | 12.0 | 4.5792 | 2261.386080000001 |  |  | 
 | 9.0 | 08:00:00 | 1.06 | 1.06 | 12.0 | 4.5792 | 2265.9652800000013 |  |  | 
 |  | 20:00:00 | 1.06 | 1.06 | 12.0 | 4.5792 | 2270.5444800000014 |  |  | 
柳林断面2008年来水量统计表 |  |  |  |  |  |  |  |  |  | 
万立米 |  |  |  |  |  |  |  |  |  | 
月 | 日 | 时 | 流量 | 平均流量 | 时段 | 水量 | 累计水量 | 月来水量 | 入库水量 | 
 | 10.0 | 08:00:00 | 1.02 | 1.04 | 12.0 | 4.4928 | 2275.0372800000014 |  |  | 
 |  | 20:00:00 | 1.02 | 1.02 | 12.0 | 4.4064 | 2279.443680000001 |  |  | 
 | 11.0 | 08:00:00 | 1.02 | 1.02 | 12.0 | 4.4064 | 2283.850080000001 |  | 8.812799999999697 | 
 |  | 20:00:00 | 0.85 | 0.935 | 12.0 | 4.0392 | 2287.8892800000012 |  |  | 
 | 12.0 | 08:00:00 | 0.85 | 0.85 | 12.0 | 3.6719999999999997 | 2291.5612800000013 |  | 7.71120000000019 | 
 |  | 20:00:00 | 0.85 | 0.85 | 12.0 | 3.6719999999999997 | 2295.2332800000013 |  |  | 
 | 13.0 | 08:00:00 | 0.85 | 0.85 | 12.0 | 3.6719999999999997 | 2298.9052800000013 |  | 7.344000000000051 | 
 |  | 20:00:00 | 0.85 | 0.85 | 12.0 | 3.6719999999999997 | 2302.5772800000013 |  |  | 
 | 14.0 | 08:00:00 | 1.17 | 1.01 | 12.0 | 4.3632 | 2306.940480000001 |  | 8.035199999999804 | 
 |  | 20:00:00 | 1.06 | 1.115 | 12.0 | 4.8168 | 2311.757280000001 |  |  | 
 | 15.0 | 08:00:00 | 1.17 | 1.115 | 12.0 | 4.8168 | 2316.5740800000012 |  | 9.633600000000115 | 
 |  | 20:00:00 | 1.17 | 1.17 | 12.0 | 5.054399999999999 | 2321.628480000001 |  |  | 
 | 16.0 | 08:00:00 | 1.02 | 1.095 | 12.0 | 4.7304 | 2326.358880000001 |  |  | 
 |  | 20:00:00 | 1.02 | 1.02 | 12.0 | 4.4064 | 2330.765280000001 |  |  | 
 | 17.0 | 08:00:00 | 1.17 | 1.095 | 12.0 | 4.7304 | 2335.495680000001 |  |  | 
 |  | 20:00:00 | 2.18 | 1.675 | 12.0 | 7.236000000000001 | 2342.731680000001 |  |  | 
 | 18.0 | 08:00:00 | 1.52 | 1.85 | 12.0 | 7.992000000000001 | 2350.723680000001 |  |  | 
 |  | 20:00:00 | 1.18 | 1.35 | 12.0 | 5.832000000000001 | 2356.555680000001 |  |  | 
 | 19.0 | 08:00:00 | 1.17 | 1.1749999999999998 | 12.0 | 5.075999999999999 | 2361.631680000001 |  |  | 
 |  | 20:00:00 | 1.17 | 1.17 | 12.0 | 5.054399999999999 | 2366.686080000001 |  |  | 
 | 20.0 | 08:00:00 | 2.18 | 1.675 | 12.0 | 7.236000000000001 | 2373.9220800000007 |  |  | 
 |  | 20:00:00 | 2.6 | 2.295 | 12.0 | 9.914399999999999 | 2401.4404800000007 |  |  | 
 | 22.0 | 08:00:00 | 3.1 | 2.85 | 12.0 | 12.312000000000001 | 2413.7524800000006 |  |  | 
 |  | 20:00:00 | 2.6 | 2.85 | 12.0 | 12.312000000000001 | 2426.0644800000005 |  |  | 
 | 23.0 | 08:00:00 | 2.6 | 2.6 | 12.0 | 11.232000000000001 | 2437.2964800000004 |  |  | 
 |  | 20:00:00 | 2.18 | 2.39 | 12.0 | 10.3248 | 2447.6212800000003 |  |  | 
 |  | 20:00:00 | 1.99 | 2.085 | 12.0 | 9.0072 | 2382.9292800000007 |  |  | 
 | 21.0 | 08:00:00 | 1.99 | 1.99 | 12.0 | 8.5968 | 2391.5260800000005 |  |  | 
 | 24.0 | 08:00:00 | 2.18 | 2.18 | 12.0 | 9.4176 | 2457.0388800000005 |  |  | 
 |  | 20:00:00 | 1.96 | 2.0700000000000003 | 12.0 | 8.942400000000001 | 2465.9812800000004 |  |  | 
 | 25.0 | 08:00:00 | 1.96 | 1.96 | 12.0 | 8.4672 | 2474.4484800000005 |  |  | 
 |  | 20:00:00 | 1.81 | 1.885 | 12.0 | 8.1432 | 2482.5916800000005 |  |  | 
 | 26.0 | 08:00:00 | 1.81 | 1.81 | 12.0 | 7.8191999999999995 | 2490.4108800000004 |  |  | 
柳林断面2008年来水量统计表 |  |  |  |  |  |  |  |  |  | 
万立米 |  |  |  |  |  |  |  |  |  | 
月 | 日 | 时 | 流量 | 平均流量 | 时段 | 水量 | 累计水量 | 月来水量 | 入库水量 | 
 |  | 20:00:00 | 1.66 | 1.7349999999999999 | 12.0 | 7.4952 | 2497.90608 |  |  | 
 | 27.0 | 08:00:00 | 1.66 | 1.66 | 12.0 | 7.171199999999999 | 2505.0772800000004 |  |  | 
 |  | 20:00:00 | 1.66 | 1.66 | 12.0 | 7.171199999999999 | 2512.24848 |  |  | 
 | 28.0 | 08:00:00 | 1.66 | 1.66 | 12.0 | 7.171199999999999 | 2519.41968 |  | 212.47919999999885 | 
 |  | 20:00:00 | 1.39 | 1.525 | 12.0 | 6.587999999999998 | 2526.00768 |  |  | 
 | 29.0 | 08:00:00 | 1.39 | 1.39 | 12.0 | 6.0047999999999995 | 2532.0124800000003 | 12.592800000000352 |  | 
 |  | 20:00:00 | 1.39 | 1.39 | 12.0 | 6.0047999999999995 | 2538.0172800000005 |  |  | 
 | 30.0 | 08:00:00 | 1.39 | 1.39 | 12.0 | 6.0047999999999995 | 2544.0220800000006 | 12.009600000000319 |  | 
 |  | 20:00:00 | 1.39 | 1.39 | 12.0 | 6.0047999999999995 | 2550.026880000001 |  |  | 
 | 31.0 | 08:00:00 | 1.18 | 1.285 | 12.0 | 5.551199999999999 | 2555.5780800000007 | 11.55600000000004 |  | 
 |  | 20:00:00 | 1.18 | 1.18 | 12.0 | 5.0976 | 2560.6756800000007 |  |  | 
8.0 | 1.0 | 08:00:00 | 1.18 | 1.18 | 12.0 | 5.0976 | 2565.773280000001 | 393.46560000000136 | 483.96268800000166 | 10.195200000000114
 |  | 20:00:00 | 1.18 | 1.18 | 12.0 | 5.0976 | 2570.870880000001 |  |  | 
 | 2.0 | 08:00:00 | 1.18 | 1.18 | 12.0 | 5.0976 | 2575.968480000001 | 10.195200000000114 |  | 
 |  | 20:00:00 | 1.16 | 1.17 | 12.0 | 5.054399999999999 | 2581.022880000001 |  |  | 
 | 3.0 | 08:00:00 | 1.16 | 1.16 | 12.0 | 5.011199999999999 | 2586.034080000001 | 10.065599999999904 |  | 
 |  | 20:00:00 | 1.06 | 1.1099999999999999 | 12.0 | 4.7951999999999995 | 2590.829280000001 |  |  | 
 | 4.0 | 08:00:00 | 1.06 | 1.06 | 12.0 | 4.5792 | 2595.408480000001 | 9.37440000000015 |  | 
 | 6.0 | 08:00:00 | 1.06 | 1.06 | 12.0 | 4.5792 | 2613.7252800000015 | 9.158400000000256 |  | 
 |  | 20:00:00 | 1.06 | 1.06 | 12.0 | 4.5792 | 2609.1460800000013 |  |  | 
 |  | 20:00:00 | 1.02 | 1.04 | 12.0 | 4.4928 | 2618.2180800000015 |  |  | 
 | 7.0 | 08:00:00 | 1.02 | 1.02 | 12.0 | 4.4064 | 2622.6244800000013 | 8.899199999999837 |  | 
 |  | 20:00:00 | 1.02 | 1.02 | 12.0 | 4.4064 | 2627.030880000001 |  |  | 
 |  | 20:00:00 | 1.06 | 1.06 | 12.0 | 4.5792 | 2599.987680000001 |  |  | 
 | 5.0 | 08:00:00 | 1.06 | 1.06 | 12.0 | 4.5792 | 2604.566880000001 | 9.158400000000256 |  | 
 | 8.0 | 08:00:00 | 1.02 | 1.02 | 12.0 | 4.4064 | 2631.437280000001 |  |  | 
 |  | 20:00:00 | 1.02 | 1.02 | 12.0 | 4.4064 | 2635.843680000001 |  |  | 
 | 9.0 | 08:00:00 | 1.02 | 1.02 | 12.0 | 4.4064 | 2640.2500800000007 |  |  | 
 |  | 20:00:00 | 1.39 | 1.205 | 12.0 | 5.2056000000000004 | 2645.4556800000005 |  |  | 
 | 10.0 | 08:00:00 | 1.06 | 1.225 | 12.0 | 5.292 | 2650.7476800000004 |  |  | 
 |  | 20:00:00 | 1.06 | 1.06 | 12.0 | 4.5792 | 2655.3268800000005 |  |  | 
 | 11.0 | 08:00:00 | 1.06 | 1.06 | 12.0 | 4.5792 | 2659.9060800000007 |  |  | 
 |  | 20:00:00 | 1.06 | 1.06 | 12.0 | 4.5792 | 2664.485280000001 |  |  | 
柳林断面2008年来水量统计表 |  |  |  |  |  |  |  |  |  | 
万立米 |  |  |  |  |  |  |  |  |  | 
月 | 日 | 时 | 流量 | 平均流量 | 时段 | 水量 | 累计水量 | 月来水量 | 入库水量 | 
 | 12.0 | 08:00:00 | 1.02 | 1.04 | 12.0 | 4.4928 | 2668.978080000001 |  |  | 
 |  | 20:00:00 | 1.06 | 1.04 | 12.0 | 4.4928 | 2673.4708800000008 |  |  | 
 | 13.0 | 08:00:00 | 1.06 | 1.06 | 12.0 | 4.5792 | 2678.050080000001 |  |  | 
 |  | 20:00:00 | 1.02 | 1.04 | 12.0 | 4.4928 | 2682.542880000001 |  |  | 
 | 14.0 | 08:00:00 | 1.02 | 1.02 | 12.0 | 4.4064 | 2686.9492800000007 |  |  | 
 |  | 20:00:00 | 1.02 | 1.02 | 12.0 | 4.4064 | 2691.3556800000006 |  |  | 
 | 15.0 | 08:00:00 | 1.02 | 1.02 | 12.0 | 4.4064 | 2695.7620800000004 |  |  | 
 |  | 20:00:00 | 1.02 | 1.02 | 12.0 | 4.4064 | 2700.1684800000003 |  |  | 
 | 16.0 | 08:00:00 | 1.16 | 1.0899999999999999 | 12.0 | 4.708799999999999 | 2704.87728 |  |  | 
 |  | 20:00:00 | 1.16 | 1.16 | 12.0 | 5.011199999999999 | 2709.88848 |  |  | 
 | 17.0 | 08:00:00 | 1.06 | 1.1099999999999999 | 12.0 | 4.7951999999999995 | 2714.68368 |  |  | 
 |  | 20:00:00 | 1.06 | 1.06 | 12.0 | 4.5792 | 2719.26288 |  |  | 
 | 18.0 | 08:00:00 | 1.02 | 1.04 | 12.0 | 4.4928 | 2723.75568 |  |  | 
 |  | 20:00:00 | 1.02 | 1.02 | 12.0 | 4.4064 | 2728.16208 |  |  | 
 | 19.0 | 08:00:00 | 1.02 | 1.02 | 12.0 | 4.4064 | 2732.56848 |  |  | 
 |  | 20:00:00 | 1.16 | 1.17 | 12.0 | 5.054399999999999 | 2755.55088 |  |  | 
 | 22.0 | 08:00:00 | 1.06 | 1.1099999999999999 | 12.0 | 4.7951999999999995 | 2760.34608 |  |  | 
 |  | 20:00:00 | 1.02 | 1.04 | 12.0 | 4.4928 | 2764.83888 |  |  | 
 | 23.0 | 08:00:00 | 1.02 | 1.02 | 12.0 | 4.4064 | 2769.2452799999996 |  |  | 
 |  | 20:00:00 | 0.85 | 0.935 | 12.0 | 4.0392 | 2773.28448 |  |  | 
 | 24.0 | 08:00:00 | 0.85 | 0.85 | 12.0 | 3.6719999999999997 | 2776.95648 |  |  | 
 |  | 20:00:00 | 1.02 | 1.02 | 12.0 | 4.4064 | 2736.9748799999998 |  |  | 
 | 20.0 | 08:00:00 | 0.85 | 0.935 | 12.0 | 4.0392 | 2741.01408 |  |  | 
 |  | 20:00:00 | 1.18 | 1.015 | 12.0 | 4.384799999999999 | 2745.3988799999997 |  |  | 
 | 21.0 | 08:00:00 | 1.18 | 1.18 | 12.0 | 5.0976 | 2750.49648 |  |  | 
 |  | 20:00:00 | 0.85 | 0.85 | 12.0 | 3.6719999999999997 | 2780.62848 |  |  | 
 | 25.0 | 08:00:00 | 0.85 | 0.85 | 12.0 | 3.6719999999999997 | 2784.30048 |  |  | 
 |  | 20:00:00 | 0.85 | 0.85 | 12.0 | 3.6719999999999997 | 2787.97248 |  |  | 
 | 26.0 | 08:00:00 | 0.85 | 0.85 | 12.0 | 3.6719999999999997 | 2791.64448 |  |  | 
 |  | 20:00:00 | 1.66 | 1.255 | 12.0 | 5.4216 | 2797.06608 |  |  | 
 | 27.0 | 08:00:00 | 1.06 | 1.3599999999999999 | 12.0 | 5.8751999999999995 | 2802.94128 |  |  | 
 |  | 20:00:00 | 1.02 | 1.04 | 12.0 | 4.4928 | 2807.43408 |  |  | 
 | 28.0 | 08:00:00 | 0.85 | 0.935 | 12.0 | 4.0392 | 2811.47328 |  |  | 
柳林断面2008年来水量统计表 |  |  |  |  |  |  |  |  |  | 
万立米 |  |  |  |  |  |  |  |  |  | 
月 | 日 | 时 | 流量 | 平均流量 | 时段 | 水量 | 累计水量 | 月来水量 | 入库水量 | 
 |  | 20:00:00 | 0.85 | 0.85 | 12.0 | 3.6719999999999997 | 2815.14528 |  |  | 
 | 29.0 | 08:00:00 | 1.02 | 0.935 | 12.0 | 4.0392 | 2819.1844800000003 |  |  | 
 |  | 20:00:00 | 1.39 | 1.205 | 12.0 | 5.2056000000000004 | 2824.39008 |  |  | 
 | 30.0 | 08:00:00 | 1.39 | 1.39 | 12.0 | 6.0047999999999995 | 2830.3948800000003 |  |  | 
 |  | 20:00:00 | 1.18 | 1.285 | 12.0 | 5.551199999999999 | 2835.94608 |  |  | 
 | 31.0 | 08:00:00 | 1.02 | 1.1 | 12.0 | 4.752 | 2840.69808 |  |  | 
 |  | 20:00:00 | 1.02 | 1.02 | 12.0 | 4.4064 | 2845.10448 |  |  | 
9.0 | 1.0 | 08:00:00 | 1.02 | 1.02 | 12.0 | 4.4064 | 2849.51088 | 283.737599999999 | 348.99724799999876 | 
 |  | 20:00:00 | 1.02 | 1.02 | 12.0 | 4.4064 | 2853.9172799999997 |  |  | 
 | 2.0 | 08:00:00 | 0.85 | 0.935 | 12.0 | 4.0392 | 2857.95648 |  |  | 
 |  | 20:00:00 | 1.02 | 0.935 | 12.0 | 4.0392 | 2861.99568 |  |  | 
 | 3.0 | 08:00:00 | 1.02 | 1.02 | 12.0 | 4.4064 | 2866.40208 |  |  | 
 | 6.0 | 08:00:00 | 0.85 | 0.85 | 12.0 | 3.6719999999999997 | 2888.80128 |  |  | 
 |  | 20:00:00 | 0.85 | 0.85 | 12.0 | 3.6719999999999997 | 2892.47328 |  |  | 
 | 7.0 | 08:00:00 | 0.85 | 0.85 | 12.0 | 3.6719999999999997 | 2896.14528 |  |  | 
 |  | 20:00:00 | 0.83 | 0.84 | 12.0 | 3.6288 | 2899.77408 |  |  | 
 | 8.0 | 08:00:00 | 0.83 | 0.83 | 12.0 | 3.5855999999999995 | 2903.35968 |  |  | 
 |  | 20:00:00 | 0.85 | 0.84 | 12.0 | 3.6288 | 2906.98848 |  |  | 
 | 9.0 | 08:00:00 | 1.02 | 0.935 | 12.0 | 4.0392 | 2911.02768 |  |  | 
 |  | 20:00:00 | 1.06 | 1.04 | 12.0 | 4.4928 | 2915.52048 |  |  | 
 | 10.0 | 08:00:00 | 1.66 | 1.3599999999999999 | 12.0 | 5.8751999999999995 | 2921.39568 |  |  | 
 |  | 20:00:00 | 0.85 | 0.935 | 12.0 | 4.0392 | 2870.44128 |  |  | 
 | 4.0 | 08:00:00 | 0.85 | 0.85 | 12.0 | 3.6719999999999997 | 2874.11328 |  |  | 
 |  | 20:00:00 | 0.85 | 0.85 | 12.0 | 3.6719999999999997 | 2877.78528 |  |  | 
 | 5.0 | 08:00:00 | 0.85 | 0.85 | 12.0 | 3.6719999999999997 | 2881.45728 |  |  | 
 |  | 20:00:00 | 0.85 | 0.85 | 12.0 | 3.6719999999999997 | 2885.12928 |  |  | 
 |  | 20:00:00 | 1.18 | 1.42 | 12.0 | 6.134399999999999 | 2927.53008 |  |  | 
 | 11.0 | 08:00:00 | 1.18 | 1.18 | 12.0 | 5.0976 | 2932.62768 |  |  | 
 |  | 20:00:00 | 1.16 | 1.17 | 12.0 | 5.054399999999999 | 2937.68208 |  |  | 
 | 12.0 | 08:00:00 | 1.16 | 1.16 | 12.0 | 5.011199999999999 | 2942.69328 |  |  | 
 |  | 20:00:00 | 1.06 | 1.1099999999999999 | 12.0 | 4.7951999999999995 | 2947.48848 |  |  | 
 | 13.0 | 08:00:00 | 1.06 | 1.06 | 12.0 | 4.5792 | 2952.06768 |  |  | 
 |  | 20:00:00 | 1.06 | 1.06 | 12.0 | 4.5792 | 2956.6468800000002 |  |  | 
柳林断面2008年来水量统计表 |  |  |  |  |  |  |  |  |  | 
万立米 |  |  |  |  |  |  |  |  |  | 
月 | 日 | 时 | 流量 | 平均流量 | 时段 | 水量 | 累计水量 | 月来水量 | 入库水量 | 
 | 14.0 | 08:00:00 | 1.06 | 1.06 | 12.0 | 4.5792 | 2961.2260800000004 |  |  | 
 |  | 20:00:00 | 1.06 | 1.06 | 12.0 | 4.5792 | 2965.8052800000005 |  |  | 
 | 15.0 | 08:00:00 | 1.02 | 1.04 | 12.0 | 4.4928 | 2970.2980800000005 |  |  | 
 |  | 20:00:00 | 1.02 | 1.02 | 12.0 | 4.4064 | 2974.7044800000003 |  |  | 
 | 16.0 | 08:00:00 | 1.02 | 1.02 | 12.0 | 4.4064 | 2979.11088 |  |  | 
 |  | 20:00:00 | 1.02 | 1.02 | 12.0 | 4.4064 | 2983.51728 |  |  | 
 | 17.0 | 08:00:00 | 1.02 | 1.02 | 12.0 | 4.4064 | 2987.92368 |  |  | 
 |  | 20:00:00 | 0.85 | 0.935 | 12.0 | 4.0392 | 2991.96288 |  |  | 
 | 18.0 | 08:00:00 | 1.02 | 0.935 | 12.0 | 4.0392 | 2996.00208 |  |  | 
 | 22.0 | 08:00:00 | 1.06 | 1.04 | 12.0 | 4.4928 | 3031.339679999999 |  |  | 
 |  | 20:00:00 | 1.06 | 1.06 | 12.0 | 4.5792 | 3035.9188799999993 |  |  | 
 | 23.0 | 08:00:00 | 1.06 | 1.06 | 12.0 | 4.5792 | 3040.4980799999994 |  |  | 
 |  | 20:00:00 | 1.06 | 1.06 | 12.0 | 4.5792 | 3045.0772799999995 |  |  | 
 | 24.0 | 08:00:00 | 1.06 | 1.06 | 12.0 | 4.5792 | 3049.6564799999996 |  |  | 
 |  | 20:00:00 | 1.06 | 1.06 | 12.0 | 4.5792 | 3054.23568 |  |  | 
 | 25.0 | 08:00:00 | 1.0 | 1.03 | 12.0 | 4.449599999999999 | 3058.6852799999997 |  |  | 
 |  | 20:00:00 | 1.06 | 1.03 | 12.0 | 4.449599999999999 | 3063.1348799999996 |  |  | 
 |  | 20:00:00 | 1.02 | 1.02 | 12.0 | 4.4064 | 3000.40848 |  |  | 
 | 19.0 | 08:00:00 | 1.02 | 1.02 | 12.0 | 4.4064 | 3004.81488 |  |  | 
 |  | 20:00:00 | 1.02 | 1.02 | 12.0 | 4.4064 | 3009.2212799999998 |  |  | 
 | 20.0 | 08:00:00 | 1.02 | 1.02 | 12.0 | 4.4064 | 3013.6276799999996 |  |  | 
 |  | 20:00:00 | 1.02 | 1.02 | 12.0 | 4.4064 | 3018.0340799999994 |  |  | 
 | 21.0 | 08:00:00 | 1.02 | 1.02 | 12.0 | 4.4064 | 3022.4404799999993 |  |  | 
 |  | 20:00:00 | 1.02 | 1.02 | 12.0 | 4.4064 | 3026.846879999999 |  |  | 
 | 26.0 | 08:00:00 | 1.18 | 1.12 | 12.0 | 4.8384 | 3067.9732799999997 |  |  | 
 |  | 20:00:00 | 1.18 | 1.18 | 12.0 | 5.0976 | 3073.0708799999998 |  |  | 
 | 27.0 | 08:00:00 | 1.39 | 1.285 | 12.0 | 5.551199999999999 | 3078.6220799999996 |  |  | 
 |  | 20:00:00 | 2.39 | 1.8900000000000001 | 12.0 | 8.1648 | 3086.7868799999997 |  |  | 
 | 28.0 | 08:00:00 | 2.39 | 2.39 | 12.0 | 10.3248 | 3097.1116799999995 |  |  | 
 |  | 20:00:00 | 3.57 | 2.98 | 12.0 | 12.873599999999998 | 3109.9852799999994 |  |  | 
 | 29.0 | 08:00:00 | 3.57 | 3.57 | 12.0 | 15.422399999999998 | 3125.4076799999993 |  |  | 
 |  | 20:00:00 | 3.36 | 3.465 | 12.0 | 14.968799999999998 | 3140.3764799999994 |  |  | 
 | 30.0 | 08:00:00 | 3.36 | 3.36 | 12.0 | 14.5152 | 3154.8916799999993 |  |  | 
柳林断面2008年来水量统计表 |  |  |  |  |  |  |  |  |  | 
万立米 |  |  |  |  |  |  |  |  |  | 
月 | 日 | 时 | 流量 | 平均流量 | 时段 | 水量 | 累计水量 | 月来水量 | 入库水量 | 
 |  | 20:00:00 | 3.36 | 3.36 | 12.0 | 14.5152 | 3169.406879999999 |  |  | 
10.0 | 1.0 | 08:00:00 | 2.6 | 2.98 | 12.0 | 12.873599999999998 | 3182.280479999999 | 332.7695999999992 | 409.30660799999896 | 
 |  | 20:00:00 | 2.6 | 2.6 | 12.0 | 11.232000000000001 | 3193.512479999999 |  |  | 
 | 2.0 | 08:00:00 | 2.6 | 2.6 | 12.0 | 11.232000000000001 | 3204.744479999999 |  |  | 
 |  | 20:00:00 | 2.6 | 2.6 | 12.0 | 11.232000000000001 | 3215.976479999999 |  |  | 
 | 3.0 | 08:00:00 | 2.6 | 2.6 | 12.0 | 11.232000000000001 | 3227.208479999999 |  |  | 
 | 10.0 | 08:00:00 | 1.66 | 1.7349999999999999 | 24.0 | 14.9904 | 3349.896479999999 |  |  | 
 | 11.0 | 08:00:00 | 1.66 | 1.66 | 24.0 | 14.342399999999998 | 3364.238879999999 |  |  | 
 | 12.0 | 08:00:00 | 1.66 | 1.66 | 24.0 | 14.342399999999998 | 3378.581279999999 |  |  | 
 | 13.0 | 08:00:00 | 1.66 | 1.66 | 24.0 | 14.342399999999998 | 3392.923679999999 |  |  | 
 | 14.0 | 08:00:00 | 1.39 | 1.525 | 24.0 | 13.175999999999997 | 3406.099679999999 |  |  | 
 | 15.0 | 08:00:00 | 1.39 | 1.39 | 24.0 | 12.009599999999999 | 3418.1092799999988 |  |  | 
 | 16.0 | 08:00:00 | 1.39 | 1.39 | 24.0 | 12.009599999999999 | 3430.1188799999986 |  |  | 
 | 17.0 | 08:00:00 | 1.39 | 1.39 | 24.0 | 12.009599999999999 | 3442.1284799999985 |  |  | 
 | 18.0 | 08:00:00 | 1.39 | 1.39 | 24.0 | 12.009599999999999 | 3454.1380799999984 |  |  | 
 |  | 20:00:00 | 2.6 | 2.6 | 12.0 | 11.232000000000001 | 3238.440479999999 |  |  | 
 | 4.0 | 08:00:00 | 2.18 | 2.39 | 12.0 | 10.3248 | 3248.7652799999987 |  |  | 
 |  | 20:00:00 | 2.18 | 2.18 | 12.0 | 9.4176 | 3258.182879999999 |  |  | 
 | 5.0 | 08:00:00 | 1.46 | 1.82 | 12.0 | 7.8624 | 3266.045279999999 |  |  | 
 |  | 20:00:00 | 2.18 | 1.82 | 12.0 | 7.8624 | 3273.907679999999 |  |  | 
 | 6.0 | 08:00:00 | 1.96 | 2.0700000000000003 | 12.0 | 8.942400000000001 | 3282.850079999999 |  |  | 
 | 7.0 | 08:00:00 | 1.96 | 1.96 | 24.0 | 16.9344 | 3299.784479999999 |  |  | 
 | 8.0 | 08:00:00 | 2.18 | 2.0700000000000003 | 24.0 | 17.884800000000002 | 3317.6692799999987 |  |  | 
 | 9.0 | 08:00:00 | 1.81 | 1.995 | 24.0 | 17.2368 | 3334.906079999999 |  |  | 
 | 19.0 | 08:00:00 | 1.39 | 1.39 | 24.0 | 12.009599999999999 | 3466.147679999998 |  |  | 
 | 20.0 | 08:00:00 | 1.66 | 1.525 | 24.0 | 13.175999999999997 | 3479.323679999998 |  |  | 
 | 21.0 | 08:00:00 | 1.39 | 1.525 | 24.0 | 13.175999999999997 | 3492.499679999998 |  |  | 
 | 22.0 | 08:00:00 | 1.52 | 1.455 | 24.0 | 12.5712 | 3505.070879999998 |  |  | 
 | 23.0 | 08:00:00 | 1.52 | 1.52 | 24.0 | 13.132800000000001 | 3518.203679999998 |  |  | 
 | 24.0 | 08:00:00 | 1.52 | 1.52 | 24.0 | 13.132800000000001 | 3531.3364799999977 |  |  | 
 | 25.0 | 08:00:00 | 1.39 | 1.455 | 24.0 | 12.5712 | 3543.9076799999975 |  |  | 
 | 26.0 | 08:00:00 | 1.18 | 1.285 | 24.0 | 11.102399999999998 | 3555.0100799999977 |  |  | 
 | 27.0 | 08:00:00 | 1.18 | 1.18 | 24.0 | 10.1952 | 3565.205279999998 |  |  | 
柳林断面2008年来水量统计表 |  |  |  |  |  |  |  |  |  | 
万立米 |  |  |  |  |  |  |  |  |  | 
月 | 日 | 时 | 流量 | 平均流量 | 时段 | 水量 | 累计水量 | 月来水量 | 入库水量 | 
 | 28.0 | 08:00:00 | 1.18 | 1.18 | 24.0 | 10.1952 | 3575.400479999998 |  |  | 
 | 29.0 | 08:00:00 | 1.18 | 1.18 | 24.0 | 10.1952 | 3585.595679999998 |  |  | 
 | 30.0 | 08:00:00 | 1.16 | 1.17 | 24.0 | 10.108799999999999 | 3595.704479999998 |  |  | 
 | 31.0 | 08:00:00 | 1.16 | 1.16 | 24.0 | 10.022399999999998 | 3605.726879999998 |  |  | 
11.0 | 1.0 | 08:00:00 | 1.06 | 1.1099999999999999 | 24.0 | 9.590399999999999 | 3615.317279999998 | 433.03679999999895 | 532.6352639999986 | 
 | 2.0 | 08:00:00 | 1.16 | 1.1099999999999999 | 24.0 | 9.590399999999999 | 3624.907679999998 |  |  | 
 | 3.0 | 08:00:00 | 1.16 | 1.16 | 24.0 | 10.022399999999998 | 3634.930079999998 |  |  | 
 | 4.0 | 08:00:00 | 1.16 | 1.16 | 24.0 | 10.022399999999998 | 3644.9524799999976 |  |  | 
 | 5.0 | 08:00:00 | 1.16 | 1.16 | 24.0 | 10.022399999999998 | 3654.9748799999975 |  |  | 
 | 6.0 | 08:00:00 | 1.16 | 1.16 | 24.0 | 10.022399999999998 | 3664.9972799999973 |  |  | 
 | 7.0 | 08:00:00 | 1.06 | 1.1099999999999999 | 24.0 | 9.590399999999999 | 3674.5876799999974 |  |  | 
 | 8.0 | 08:00:00 | 1.16 | 1.1099999999999999 | 24.0 | 9.590399999999999 | 3684.1780799999974 |  |  | 
 | 9.0 | 08:00:00 | 1.16 | 1.16 | 24.0 | 10.022399999999998 | 3694.2004799999972 |  |  | 
 | 10.0 | 08:00:00 | 1.18 | 1.17 | 24.0 | 10.108799999999999 | 3704.309279999997 |  |  | 
 | 11.0 | 08:00:00 | 1.18 | 1.18 | 24.0 | 10.1952 | 3714.5044799999973 |  |  | 
 | 12.0 | 08:00:00 | 1.18 | 1.18 | 24.0 | 10.1952 | 3724.6996799999974 |  |  | 
 | 13.0 | 08:00:00 | 1.18 | 1.18 | 24.0 | 10.1952 | 3734.8948799999976 |  |  | 
 | 14.0 | 08:00:00 | 1.18 | 1.18 | 24.0 | 10.1952 | 3745.0900799999977 |  |  | 
 | 15.0 | 08:00:00 | 1.52 | 1.35 | 24.0 | 11.664000000000001 | 3756.754079999998 |  |  | 
 | 16.0 | 08:00:00 | 1.18 | 1.35 | 24.0 | 11.664000000000001 | 3768.418079999998 |  |  | 
 | 17.0 | 08:00:00 | 1.18 | 1.18 | 24.0 | 10.1952 | 3778.613279999998 |  |  | 
 | 18.0 | 08:00:00 | 1.18 | 1.18 | 24.0 | 10.1952 | 3788.8084799999983 |  |  | 
 | 19.0 | 08:00:00 | 1.12 | 1.15 | 24.0 | 9.935999999999998 | 3798.7444799999985 |  |  | 
 | 20.0 | 08:00:00 | 1.06 | 1.09 | 24.0 | 9.4176 | 3808.1620799999987 |  |  | 
 | 21.0 | 08:00:00 | 1.06 | 1.06 | 24.0 | 9.1584 | 3817.3204799999985 |  |  | 
 | 22.0 | 08:00:00 | 1.12 | 1.09 | 24.0 | 9.4176 | 3826.7380799999987 |  |  | 
 | 23.0 | 08:00:00 | 1.12 | 1.12 | 24.0 | 9.6768 | 3836.414879999999 |  |  | 
 | 24.0 | 08:00:00 | 1.12 | 1.12 | 24.0 | 9.6768 | 3846.091679999999 |  |  | 
 | 25.0 | 08:00:00 | 1.06 | 1.09 | 24.0 | 9.4176 | 3855.5092799999993 |  |  | 
 | 26.0 | 08:00:00 | 1.06 | 1.06 | 24.0 | 9.1584 | 3864.667679999999 |  |  | 
 | 27.0 | 08:00:00 | 1.02 | 1.04 | 24.0 | 8.9856 | 3873.653279999999 |  |  | 
 | 28.0 | 08:00:00 | 1.02 | 1.02 | 24.0 | 8.8128 | 3882.4660799999992 |  |  | 
 | 29.0 | 08:00:00 | 1.02 | 1.02 | 24.0 | 8.8128 | 3891.2788799999994 |  |  | 
柳林断面2008年来水量统计表 |  |  |  |  |  |  |  |  |  | 
万立米 |  |  |  |  |  |  |  |  |  | 
月 | 日 | 时 | 流量 | 平均流量 | 时段 | 水量 | 累计水量 | 月来水量 | 入库水量 | 
 | 30.0 | 08:00:00 | 1.02 | 1.02 | 24.0 | 8.8128 | 3900.0916799999995 |  |  | 
12.0 | 1.0 | 08:00:00 | 0.85 | 0.935 | 24.0 | 8.0784 | 3908.1700799999994 | 292.8528000000015 | 360.2089440000018 | 
 | 2.0 | 08:00:00 | 0.85 | 0.85 | 24.0 | 7.343999999999999 | 3915.5140799999995 |  |  | 
 | 3.0 | 08:00:00 | 0.85 | 0.85 | 24.0 | 7.343999999999999 | 3922.8580799999995 |  |  | 
 | 4.0 | 08:00:00 | 0.85 | 0.85 | 24.0 | 7.343999999999999 | 3930.2020799999996 |  |  | 
 | 5.0 | 08:00:00 | 0.85 | 0.85 | 24.0 | 7.343999999999999 | 3937.5460799999996 |  |  | 
 | 6.0 | 08:00:00 | 0.85 | 0.85 | 24.0 | 7.343999999999999 | 3944.8900799999997 |  |  | 
 | 7.0 | 08:00:00 | 0.85 | 0.85 | 24.0 | 7.343999999999999 | 3952.2340799999997 |  |  | 
 | 8.0 | 08:00:00 | 0.85 | 0.85 | 24.0 | 7.343999999999999 | 3959.5780799999998 |  |  | 
 | 9.0 | 08:00:00 | 0.85 | 0.85 | 24.0 | 7.343999999999999 | 3966.92208 |  |  | 
 | 10.0 | 08:00:00 | 0.85 | 0.85 | 24.0 | 7.343999999999999 | 3974.26608 |  |  | 
 | 11.0 | 08:00:00 | 0.85 | 0.85 | 24.0 | 7.343999999999999 | 3981.61008 |  |  | 
 | 12.0 | 08:00:00 | 0.85 | 0.85 | 24.0 | 7.343999999999999 | 3988.95408 |  |  | 
 | 13.0 | 08:00:00 | 0.85 | 0.85 | 24.0 | 7.343999999999999 | 3996.29808 |  |  | 
 | 14.0 | 08:00:00 | 0.85 | 0.85 | 24.0 | 7.343999999999999 | 4003.64208 |  |  | 
 | 15.0 | 08:00:00 | 0.85 | 0.85 | 24.0 | 7.343999999999999 | 4010.98608 |  |  | 
 | 16.0 | 08:00:00 | 0.85 | 0.85 | 24.0 | 7.343999999999999 | 4018.33008 |  |  | 
 | 17.0 | 08:00:00 | 0.85 | 0.85 | 24.0 | 7.343999999999999 | 4025.6740800000002 |  |  | 
 | 18.0 | 08:00:00 | 0.85 | 0.85 | 24.0 | 7.343999999999999 | 4033.0180800000003 |  |  | 
 | 19.0 | 08:00:00 | 0.85 | 0.85 | 24.0 | 7.343999999999999 | 4040.3620800000003 |  |  | 
 | 20.0 | 08:00:00 | 0.85 | 0.85 | 24.0 | 7.343999999999999 | 4047.7060800000004 |  |  | 
 | 21.0 | 08:00:00 | 0.85 | 0.85 | 24.0 | 7.343999999999999 | 4055.0500800000004 |  |  | 
 | 22.0 | 08:00:00 | 0.85 | 0.85 | 24.0 | 7.343999999999999 | 4062.3940800000005 |  |  | 
 | 23.0 | 08:00:00 | 0.85 | 0.85 | 24.0 | 7.343999999999999 | 4069.7380800000005 |  |  | 
 | 24.0 | 08:00:00 | 0.85 | 0.85 | 24.0 | 7.343999999999999 | 4077.0820800000006 |  |  | 
 | 25.0 | 08:00:00 | 0.85 | 0.85 | 24.0 | 7.343999999999999 | 4084.4260800000006 |  |  | 
 | 26.0 | 08:00:00 | 0.91 | 0.88 | 24.0 | 7.6032 | 4092.0292800000007 |  |  | 
 | 27.0 | 08:00:00 | 0.91 | 0.91 | 24.0 | 7.8624 | 4099.891680000001 |  |  | 
 | 28.0 | 08:00:00 | 0.91 | 0.91 | 24.0 | 7.8624 | 4107.754080000001 |  |  | 
 | 29.0 | 08:00:00 | 0.91 | 0.91 | 24.0 | 7.8624 | 4115.616480000001 |  |  | 
 | 30.0 | 08:00:00 | 0.91 | 0.91 | 24.0 | 7.8624 | 4123.478880000001 |  |  | 
 | 31.0 | 08:00:00 | 0.91 | 0.91 | 24.0 | 7.8624 | 4131.341280000001 |  |  | 
1.0 | 1.0 | 08:00:00 | 0.91 | 0.91 | 24.0 | 7.8624 | 4139.2036800000005 | 231.03360000000112 | 284.1713280000014 | 
===== Sheet: Sheet11 (298行) =====
桃曲坡水库水位、库容查对表 |  |  |  |  |  |  |  |  |  |  |  |  |  |  |  |  |  |  |  |  |  |  | 
单位：米、万立米 |  |  |  |  |  |  |  |  |  |  |  |  |  |  |  |  |  |  |  |  |  |  | 
水位 | 库容 | 水位 | 库容 | 水位 | 库容 | 水位 | 库容 | 水位 | 库容 | 水位 | 库容 | 水位 | 库容 | 水位 | 库容 | 水位 | 库容 | 水位 | 库容 |  |  |  | 
766.6 | 0.0 | 769.0 | 136.0 | 771.4 | 346.0 | 773.8 | 634.0 | 776.2 | 1026.0 | 778.6 | 1538.0 | 781.0 | 2121.0 | 783.4 | 2711.8 | 785.8 | 3304.6 | 788.2 | 3902.0 |  |  |  | 
766.7 | 2.0 | 769.1 | 143.0 | 771.5 | 356.0 | 773.9 | 648.0 | 776.3 | 1045.0 | 778.7 | 1562.0 | 781.1 | 2145.6 | 783.5 | 2736.5 | 785.9 | 3329.3 | 788.3 | 3927.0 |  |  |  | 
766.8 | 4.0 | 769.2 | 151.0 | 771.6 | 366.0 | 774.0 | 662.0 | 776.4 | 1064.0 | 778.8 | 1586.0 | 781.2 | 2170.2 | 783.6 | 2761.2 | 786.0 | 3354.0 | 788.4 | 3952.0 |  |  |  | 
766.9 | 6.0 | 769.3 | 159.0 | 771.7 | 377.0 | 774.1 | 676.0 | 776.5 | 1083.0 | 778.9 | 1610.0 | 781.3 | 2194.8 | 783.7 | 2785.9 | 786.1 | 3378.8 | 788.5 | 3977.0 |  |  |  | 
767.0 | 8.0 | 769.4 | 167.0 | 771.8 | 388.0 | 774.2 | 691.0 | 776.6 | 1103.0 | 779.0 | 1634.0 | 781.4 | 2219.4 | 783.8 | 2810.6 | 786.2 | 3403.6 | 788.6 | 4002.0 |  |  |  | 
767.1 | 13.0 | 769.5 | 175.0 | 771.9 | 399.0 | 774.3 | 706.0 | 776.7 | 1123.0 | 779.1 | 1658.0 | 781.5 | 2244.0 | 783.9 | 2835.3 | 786.3 | 3428.4 | 788.7 | 4027.0 |  |  |  | 
767.2 | 19.0 | 769.6 | 183.0 | 772.0 | 410.0 | 774.4 | 721.0 | 776.8 | 1143.0 | 779.2 | 1682.0 | 781.6 | 2268.6 | 784.0 | 2860.0 | 786.4 | 3453.2 | 788.8 | 4052.0 |  |  |  | 
767.3 | 25.0 | 769.7 | 191.0 | 772.1 | 421.0 | 774.5 | 736.0 | 776.9 | 1163.0 | 779.3 | 1706.0 | 781.7 | 2293.2 | 784.1 | 2884.7 | 786.5 | 3478.0 | 788.9 | 4077.0 |  |  |  | 
767.4 | 31.0 | 769.8 | 199.0 | 772.2 | 432.0 | 774.6 | 751.0 | 777.0 | 1183.0 | 779.4 | 1730.0 | 781.8 | 2317.8 | 784.2 | 2909.4 | 786.6 | 3502.8 | 789.0 | 4102.0 |  |  |  | 
767.5 | 37.0 | 769.9 | 207.0 | 772.3 | 443.0 | 774.7 | 766.0 | 777.1 | 1204.0 | 779.5 | 1754.0 | 781.9 | 2342.4 | 784.3 | 2934.1 | 786.7 | 3527.6 | 789.5 | 4228.0 |  |  |  | 
767.6 | 43.0 | 770.0 | 215.0 | 772.4 | 455.0 | 774.8 | 782.0 | 777.2 | 1225.0 | 779.6 | 1778.4 | 782.0 | 2367.0 | 784.4 | 2958.8 | 786.8 | 3552.4 | 790.0 | 4353.0 |  |  |  | 
767.7 | 49.0 | 770.1 | 224.0 | 772.5 | 467.0 | 774.9 | 798.0 | 777.3 | 1246.0 | 779.7 | 1802.8 | 782.1 | 2391.6 | 784.5 | 2983.5 | 786.9 | 3577.2 | 790.5 | 4478.0 |  |  |  | 
767.8 | 55.0 | 770.2 | 233.0 | 772.6 | 479.0 | 775.0 | 814.0 | 777.4 | 1267.0 | 779.8 | 1827.2 | 782.2 | 2416.2 | 784.6 | 3008.2 | 787.0 | 3602.0 | 791.0 | 4604.0 |  |  |  | 
767.9 | 61.0 | 770.3 | 242.0 | 772.7 | 491.0 | 775.1 | 831.0 | 777.5 | 1288.0 | 779.9 | 1851.6 | 782.3 | 2440.8 | 784.7 | 3032.9 | 787.1 | 3627.0 | 791.5 | 4729.0 |  |  |  | 
768.0 | 67.0 | 770.4 | 251.0 | 772.8 | 503.0 | 775.2 | 848.0 | 777.6 | 1310.0 | 780.0 | 1876.0 | 782.4 | 2465.4 | 784.8 | 3057.6 | 787.2 | 3652.0 | 792.0 | 4855.0 |  |  |  | 
768.1 | 73.0 | 770.5 | 260.0 | 772.9 | 515.0 | 775.3 | 865.0 | 777.7 | 1332.0 | 780.1 | 1900.4 | 782.5 | 2490.0 | 784.9 | 3082.3 | 787.3 | 3677.0 | 792.5 | 4980.0 |  |  |  | 
768.2 | 80.0 | 770.6 | 269.0 | 773.0 | 528.0 | 775.4 | 882.0 | 777.8 | 1354.0 | 780.2 | 1924.8 | 782.6 | 2514.6 | 785.0 | 3107.0 | 787.4 | 3702.0 | 793.0 | 5106.0 |  |  |  | 
768.3 | 87.0 | 770.7 | 278.0 | 773.1 | 541.0 | 775.5 | 899.0 | 777.9 | 1376.0 | 780.3 | 1949.2 | 782.7 | 2539.2 | 785.1 | 3131.7 | 787.5 | 3727.0 |  |  |  |  |  | 
768.4 | 94.0 | 770.8 | 287.0 | 773.2 | 554.0 | 775.6 | 917.0 | 778.0 | 1399.0 | 780.4 | 1973.6 | 782.8 | 2563.8 | 785.2 | 3156.4 | 787.6 | 3752.0 |  |  |  |  |  | 
768.5 | 101.0 | 770.9 | 296.0 | 773.3 | 567.0 | 775.7 | 935.0 | 778.1 | 1422.0 | 780.5 | 1998.0 | 782.9 | 2588.4 | 785.3 | 3181.1 | 787.7 | 3777.0 |  |  |  |  |  | 
768.6 | 108.0 | 771.0 | 306.0 | 773.4 | 580.0 | 775.8 | 953.0 | 778.2 | 1445.0 | 780.6 | 2022.6 | 783.0 | 2613.0 | 785.4 | 3205.8 | 787.8 | 3802.0 |  |  |  |  |  | 
768.7 | 115.0 | 771.1 | 316.0 | 773.5 | 593.0 | 775.9 | 971.0 | 778.3 | 1468.0 | 780.7 | 2047.2 | 783.1 | 2637.7 | 785.5 | 3230.5 | 787.9 | 3827.0 |  |  |  |  |  | 
768.8 | 122.0 | 771.2 | 326.0 | 773.6 | 606.0 | 776.0 | 989.0 | 778.4 | 1491.0 | 780.8 | 2071.8 | 783.2 | 2662.4 | 785.6 | 3255.2 | 788.0 | 3852.0 |  |  |  |  |  | 
768.9 | 129.0 | 771.3 | 336.0 | 773.7 | 620.0 | 776.1 | 1007.0 | 778.5 | 1514.0 | 780.9 | 2096.4 | 783.3 | 2687.1 | 785.7 | 3279.9 | 788.1 | 3877.0 |  |  |  |  |  | 
说明：此查对表采用出库水量反推所得（2008年8月）。 |  |  |  |  |  |  |  |  |  |  |  |  |  |  |  |  |  |  |  |  |  |  | 
桃曲坡水库水位、库容查对表 |  |  |  |  |  |  |  |  |  |  |  |  |  |  |  |  |  |  |  |  |  |  | 
单位：米、万立米 |  |  |  |  |  |  |  |  |  |  |  |  |  |  |  |  |  |  |  |  |  |  | 
水位 | 库容 | 水位 | 库容 | 水位 | 库容 | 水位 | 库容 | 水位 | 库容 | 水位 | 库容 | 水位 | 库容 | 水位 | 库容 | 水位 | 库容 | 水位 | 库容 | 水位 | 库容 | 水位 | 库容
762.5 | 0.0 | 764.9 | 124.0 | 767.3 | 294.0 | 769.7 | 462.0 | 772.1 | 692.0 | 774.5 | 1007.0 | 776.9 | 1434.0 | 779.3 | 1977.0 | 781.7 | 2564.2 | 784.1 | 3155.7 | 786.5 | 3749.0 | 788.9 | 4348.0
762.6 | 4.0 | 765.0 | 130.0 | 767.4 | 302.0 | 769.8 | 470.0 | 772.2 | 703.0 | 774.6 | 1022.0 | 777.0 | 1454.0 | 779.4 | 2001.0 | 781.8 | 2588.8 | 784.2 | 3180.4 | 786.6 | 3773.8 | 789.0 | 4373.0
762.7 | 8.0 | 765.1 | 136.0 | 767.5 | 308.0 | 769.9 | 478.0 | 772.3 | 714.0 | 774.7 | 1037.0 | 777.1 | 1475.0 | 779.5 | 2025.0 | 781.9 | 2613.4 | 784.3 | 3205.1 | 786.7 | 3798.6 | 789.5 | 4499.0
762.8 | 12.0 | 765.2 | 142.0 | 767.6 | 314.0 | 770.0 | 486.0 | 772.4 | 726.0 | 774.8 | 1053.0 | 777.2 | 1496.0 | 779.6 | 2049.4 | 782.0 | 2638.0 | 784.4 | 3229.8 | 786.8 | 3823.4 | 790.0 | 4624.0
762.9 | 16.0 | 765.3 | 148.0 | 767.7 | 320.0 | 770.1 | 495.0 | 772.5 | 738.0 | 774.9 | 1069.0 | 777.3 | 1517.0 | 779.7 | 2073.8 | 782.1 | 2662.6 | 784.5 | 3254.5 | 786.9 | 3848.2 | 790.5 | 4749.0
763.0 | 20.0 | 765.4 | 154.0 | 767.8 | 326.0 | 770.2 | 504.0 | 772.6 | 750.0 | 775.0 | 1085.0 | 777.4 | 1538.0 | 779.8 | 2098.2 | 782.2 | 2687.2 | 784.6 | 3279.2 | 787.0 | 3873.0 | 791.0 | 4875.0
763.1 | 26.0 | 765.5 | 160.0 | 767.9 | 332.0 | 770.3 | 513.0 | 772.7 | 762.0 | 775.1 | 1102.0 | 777.5 | 1559.0 | 779.9 | 2122.6 | 782.3 | 2711.8 | 784.7 | 3303.9 | 787.1 | 3898.0 | 791.5 | 5000.0
763.2 | 32.0 | 765.6 | 168.0 | 768.0 | 338.0 | 770.4 | 522.0 | 772.8 | 774.0 | 775.2 | 1119.0 | 777.6 | 1581.0 | 780.0 | 2147.0 | 782.4 | 2736.4 | 784.8 | 3328.6 | 787.2 | 3923.0 | 792.0 | 5126.0
763.3 | 38.0 | 765.7 | 176.0 | 768.1 | 344.0 | 770.5 | 531.0 | 772.9 | 786.0 | 775.3 | 1136.0 | 777.7 | 1603.0 | 780.1 | 2171.4 | 782.5 | 2761.0 | 784.9 | 3353.3 | 787.3 | 3948.0 | 792.5 | 5251.0
763.4 | 44.0 | 765.8 | 184.0 | 768.2 | 351.0 | 770.6 | 540.0 | 773.0 | 799.0 | 775.4 | 1153.0 | 777.8 | 1625.0 | 780.2 | 2195.8 | 782.6 | 2785.6 | 785.0 | 3378.0 | 787.4 | 3973.0 | 793.0 | 5377.0
763.5 | 50.0 | 765.9 | 192.0 | 768.3 | 358.0 | 770.7 | 549.0 | 773.1 | 812.0 | 775.5 | 1170.0 | 777.9 | 1647.0 | 780.3 | 2220.2 | 782.7 | 2810.2 | 785.1 | 3402.7 | 787.5 | 3998.0 |  | 
763.6 | 56.0 | 766.0 | 200.0 | 768.4 | 365.0 | 770.8 | 558.0 | 773.2 | 825.0 | 775.6 | 1188.0 | 778.0 | 1670.0 | 780.4 | 2244.6 | 782.8 | 2834.8 | 785.2 | 3427.4 | 787.6 | 4023.0 |  | 
763.7 | 62.0 | 766.1 | 206.0 | 768.5 | 372.0 | 770.9 | 567.0 | 773.3 | 838.0 | 775.7 | 1206.0 | 778.1 | 1693.0 | 780.5 | 2269.0 | 782.9 | 2859.4 | 785.3 | 3452.1 | 787.7 | 4048.0 |  | 
763.8 | 68.0 | 766.2 | 212.0 | 768.6 | 379.0 | 771.0 | 577.0 | 773.4 | 851.0 | 775.8 | 1224.0 | 778.2 | 1716.0 | 780.6 | 2293.6 | 783.0 | 2884.0 | 785.4 | 3476.8 | 787.8 | 4073.0 |  | 
763.9 | 74.0 | 766.3 | 218.0 | 768.7 | 386.0 | 771.1 | 587.0 | 773.5 | 864.0 | 775.9 | 1242.0 | 778.3 | 1739.0 | 780.7 | 2318.2 | 783.1 | 2908.7 | 785.5 | 3501.5 | 787.9 | 4098.0 |  | 
764.0 | 80.0 | 766.4 | 224.0 | 768.8 | 393.0 | 771.2 | 597.0 | 773.6 | 877.0 | 776.0 | 1260.0 | 778.4 | 1762.0 | 780.8 | 2342.8 | 783.2 | 2933.4 | 785.6 | 3526.2 | 788.0 | 4123.0 |  | 
764.1 | 84.0 | 766.5 | 230.0 | 768.9 | 400.0 | 771.3 | 607.0 | 773.7 | 891.0 | 776.1 | 1278.0 | 778.5 | 1785.0 | 780.9 | 2367.4 | 783.3 | 2958.1 | 785.7 | 3550.9 | 788.1 | 4148.0 |  | 
764.2 | 88.0 | 766.6 | 238.0 | 769.0 | 407.0 | 771.4 | 617.0 | 773.8 | 905.0 | 776.2 | 1297.0 | 778.6 | 1809.0 | 781.0 | 2392.0 | 783.4 | 2982.8 | 785.8 | 3575.6 | 788.2 | 4173.0 |  | 
764.3 | 92.0 | 766.7 | 246.0 | 769.1 | 414.0 | 771.5 | 627.0 | 773.9 | 919.0 | 776.3 | 1316.0 | 778.7 | 1833.0 | 781.1 | 2416.6 | 783.5 | 3007.5 | 785.9 | 3600.3 | 788.3 | 4198.0 |  | 
764.4 | 96.0 | 766.8 | 254.0 | 769.2 | 422.0 | 771.6 | 637.0 | 774.0 | 933.0 | 776.4 | 1335.0 | 778.8 | 1857.0 | 781.2 | 2441.2 | 783.6 | 3032.2 | 786.0 | 3625.0 | 788.4 | 4223.0 |  | 
764.5 | 100.0 | 766.9 | 262.0 | 769.3 | 430.0 | 771.7 | 648.0 | 774.1 | 947.0 | 776.5 | 1354.0 | 778.9 | 1881.0 | 781.3 | 2465.8 | 783.7 | 3056.9 | 786.1 | 3649.8 | 788.5 | 4248.0 |  | 
764.6 | 106.0 | 767.0 | 270.0 | 769.4 | 438.0 | 771.8 | 659.0 | 774.2 | 962.0 | 776.6 | 1374.0 | 779.0 | 1905.0 | 781.4 | 2490.4 | 783.8 | 3081.6 | 786.2 | 3674.6 | 788.6 | 4273.0 |  | 
764.7 | 112.0 | 767.1 | 278.0 | 769.5 | 446.0 | 771.9 | 670.0 | 774.3 | 977.0 | 776.7 | 1394.0 | 779.1 | 1929.0 | 781.5 | 2515.0 | 783.9 | 3106.3 | 786.3 | 3699.4 | 788.7 | 4298.0 |  | 
764.8 | 118.0 | 767.2 | 286.0 | 769.6 | 454.0 | 772.0 | 681.0 | 774.4 | 992.0 | 776.8 | 1414.0 | 779.2 | 1953.0 | 781.6 | 2539.6 | 784.0 | 3131.0 | 786.4 | 3724.2 | 788.8 | 4323.0 |  | 
说明：此查对表采用出库水量反推所得数据+271（2008年8月）。 |  |  |  |  |  |  |  |  |  |  |  |  |  |  |  |  |  |  |  |  |  |  | 
37.0 | 308.0 |  |  |  |  |  |  |  |  |  |  |  |  |  |  |  |  |  |  |  |  |  | 
43.0 | 314.0 | 6.0 |  |  |  |  |  |  |  |  |  |  |  |  |  |  |  |  |  |  |  |  | 
49.0 | 320.0 | 6.0 |  |  |  |  |  |  |  |  |  |  |  |  |  |  |  |  |  |  |  |  | 
55.0 | 326.0 | 6.0 |  |  |  |  |  |  |  |  |  |  |  |  |  |  |  |  |  |  |  |  | 
61.0 | 332.0 | 6.0 |  |  |  |  |  |  |  |  |  |  |  |  |  |  |  |  |  |  |  |  | 
67.0 | 338.0 | 6.0 |  |  |  |  |  |  |  |  |  |  |  |  |  |  |  |  |  |  |  |  | 
73.0 | 344.0 | 6.0 |  |  |  |  |  |  |  |  |  |  |  |  |  |  |  |  |  |  |  |  | 
80.0 | 351.0 | 7.0 |  |  |  |  |  |  |  |  |  |  |  |  |  |  |  |  |  |  |  |  | 
87.0 | 358.0 | 7.0 |  |  |  |  |  |  |  |  |  |  |  |  |  |  |  |  |  |  |  |  | 
94.0 | 365.0 | 7.0 |  |  |  |  |  |  |  |  |  |  |  |  |  |  |  |  |  |  |  |  | 
101.0 | 372.0 | 7.0 |  |  |  |  |  |  |  |  |  |  |  |  |  |  |  |  |  |  |  |  | 
108.0 | 379.0 | 7.0 |  |  |  |  |  |  |  |  |  |  |  |  |  |  |  |  |  |  |  |  | 
115.0 | 386.0 | 7.0 |  |  |  |  |  |  |  |  |  |  |  |  |  |  |  |  |  |  |  |  | 
122.0 | 393.0 | 7.0 |  |  |  |  |  |  |  |  |  |  |  |  |  |  |  |  |  |  |  |  | 
129.0 | 400.0 | 7.0 |  |  |  |  |  |  |  |  |  |  |  |  |  |  |  |  |  |  |  |  | 
136.0 | 407.0 | 7.0 |  |  |  |  |  |  |  |  |  |  |  |  |  |  |  |  |  |  |  |  | 
143.0 | 414.0 | 7.0 |  |  |  |  |  |  |  |  |  |  |  |  |  |  |  |  |  |  |  |  | 
151.0 | 422.0 | 8.0 |  |  |  |  |  |  |  |  |  |  |  |  |  |  |  |  |  |  |  |  | 
159.0 | 430.0 | 8.0 |  |  |  |  |  |  |  |  |  |  |  |  |  |  |  |  |  |  |  |  | 
167.0 | 438.0 | 8.0 |  |  |  |  |  |  |  |  |  |  |  |  |  |  |  |  |  |  |  |  | 
175.0 | 446.0 | 8.0 |  |  |  |  |  |  |  |  |  |  |  |  |  |  |  |  |  |  |  |  | 
183.0 | 454.0 | 8.0 |  |  |  |  |  |  |  |  |  |  |  |  |  |  |  |  |  |  |  |  | 
191.0 | 462.0 | 8.0 |  |  |  |  |  |  |  |  |  |  |  |  |  |  |  |  |  |  |  |  | 
199.0 | 470.0 | 8.0 |  |  |  |  |  |  |  |  |  |  |  |  |  |  |  |  |  |  |  |  | 
207.0 | 478.0 | 8.0 |  |  |  |  |  |  |  |  |  |  |  |  |  |  |  |  |  |  |  |  | 
215.0 | 486.0 | 8.0 |  |  |  |  |  |  |  |  |  |  |  |  |  |  |  |  |  |  |  |  | 
224.0 | 495.0 | 9.0 |  |  |  |  |  |  |  |  |  |  |  |  |  |  |  |  |  |  |  |  | 
233.0 | 504.0 | 9.0 |  |  |  |  |  |  |  |  |  |  |  |  |  |  |  |  |  |  |  |  | 
242.0 | 513.0 | 9.0 |  |  |  |  |  |  |  |  |  |  |  |  |  |  |  |  |  |  |  |  | 
251.0 | 522.0 | 9.0 |  |  |  |  |  |  |  |  |  |  |  |  |  |  |  |  |  |  |  |  | 
260.0 | 531.0 | 9.0 |  |  |  |  |  |  |  |  |  |  |  |  |  |  |  |  |  |  |  |  | 
269.0 | 540.0 | 9.0 |  |  |  |  |  |  |  |  |  |  |  |  |  |  |  |  |  |  |  |  | 
278.0 | 549.0 | 9.0 |  |  |  |  |  |  |  |  |  |  |  |  |  |  |  |  |  |  |  |  | 
287.0 | 558.0 | 9.0 |  |  |  |  |  |  |  |  |  |  |  |  |  |  |  |  |  |  |  |  | 
296.0 | 567.0 | 9.0 |  |  |  |  |  |  |  |  |  |  |  |  |  |  |  |  |  |  |  |  | 
306.0 | 577.0 | 10.0 |  |  |  |  |  |  |  |  |  |  |  |  |  |  |  |  |  |  |  |  | 
316.0 | 587.0 | 10.0 |  |  |  |  |  |  |  |  |  |  |  |  |  |  |  |  |  |  |  |  | 
326.0 | 597.0 | 10.0 |  |  |  |  |  |  |  |  |  |  |  |  |  |  |  |  |  |  |  |  | 
336.0 | 607.0 | 10.0 |  |  |  |  |  |  |  |  |  |  |  |  |  |  |  |  |  |  |  |  | 
346.0 | 617.0 | 10.0 |  |  |  |  |  |  |  |  |  |  |  |  |  |  |  |  |  |  |  |  | 
356.0 | 627.0 | 10.0 |  |  |  |  |  |  |  |  |  |  |  |  |  |  |  |  |  |  |  |  | 
366.0 | 637.0 | 10.0 |  |  |  |  |  |  |  |  |  |  |  |  |  |  |  |  |  |  |  |  | 
377.0 | 648.0 | 11.0 |  |  |  |  |  |  |  |  |  |  |  |  |  |  |  |  |  |  |  |  | 
388.0 | 659.0 | 11.0 |  |  |  |  |  |  |  |  |  |  |  |  |  |  |  |  |  |  |  |  | 
399.0 | 670.0 | 11.0 |  |  |  |  |  |  |  |  |  |  |  |  |  |  |  |  |  |  |  |  | 
410.0 | 681.0 | 11.0 |  |  |  |  |  |  |  |  |  |  |  |  |  |  |  |  |  |  |  |  | 
421.0 | 692.0 | 11.0 |  |  |  |  |  |  |  |  |  |  |  |  |  |  |  |  |  |  |  |  | 
432.0 | 703.0 | 11.0 |  |  |  |  |  |  |  |  |  |  |  |  |  |  |  |  |  |  |  |  | 
443.0 | 714.0 | 11.0 |  |  |  |  |  |  |  |  |  |  |  |  |  |  |  |  |  |  |  |  | 
455.0 | 726.0 | 12.0 |  |  |  |  |  |  |  |  |  |  |  |  |  |  |  |  |  |  |  |  | 
467.0 | 738.0 | 12.0 |  |  |  |  |  |  |  |  |  |  |  |  |  |  |  |  |  |  |  |  | 
479.0 | 750.0 | 12.0 |  |  |  |  |  |  |  |  |  |  |  |  |  |  |  |  |  |  |  |  | 
491.0 | 762.0 | 12.0 |  |  |  |  |  |  |  |  |  |  |  |  |  |  |  |  |  |  |  |  | 
503.0 | 774.0 | 12.0 |  |  |  |  |  |  |  |  |  |  |  |  |  |  |  |  |  |  |  |  | 
515.0 | 786.0 | 12.0 |  |  |  |  |  |  |  |  |  |  |  |  |  |  |  |  |  |  |  |  | 
528.0 | 799.0 | 13.0 |  |  |  |  |  |  |  |  |  |  |  |  |  |  |  |  |  |  |  |  | 
541.0 | 812.0 | 13.0 |  |  |  |  |  |  |  |  |  |  |  |  |  |  |  |  |  |  |  |  | 
554.0 | 825.0 | 13.0 |  |  |  |  |  |  |  |  |  |  |  |  |  |  |  |  |  |  |  |  | 
567.0 | 838.0 | 13.0 |  |  |  |  |  |  |  |  |  |  |  |  |  |  |  |  |  |  |  |  | 
580.0 | 851.0 | 13.0 |  |  |  |  |  |  |  |  |  |  |  |  |  |  |  |  |  |  |  |  | 
593.0 | 864.0 | 13.0 |  |  |  |  |  |  |  |  |  |  |  |  |  |  |  |  |  |  |  |  | 
606.0 | 877.0 | 13.0 |  |  |  |  |  |  |  |  |  |  |  |  |  |  |  |  |  |  |  |  | 
620.0 | 891.0 | 14.0 |  |  |  |  |  |  |  |  |  |  |  |  |  |  |  |  |  |  |  |  | 
634.0 | 905.0 | 14.0 |  |  |  |  |  |  |  |  |  |  |  |  |  |  |  |  |  |  |  |  | 
648.0 | 919.0 | 14.0 |  |  |  |  |  |  |  |  |  |  |  |  |  |  |  |  |  |  |  |  | 
662.0 | 933.0 | 14.0 |  |  |  |  |  |  |  |  |  |  |  |  |  |  |  |  |  |  |  |  | 
676.0 | 947.0 | 14.0 |  |  |  |  |  |  |  |  |  |  |  |  |  |  |  |  |  |  |  |  | 
691.0 | 962.0 | 15.0 |  |  |  |  |  |  |  |  |  |  |  |  |  |  |  |  |  |  |  |  | 
706.0 | 977.0 | 15.0 |  |  |  |  |  |  |  |  |  |  |  |  |  |  |  |  |  |  |  |  | 
721.0 | 992.0 | 15.0 |  |  |  |  |  |  |  |  |  |  |  |  |  |  |  |  |  |  |  |  | 
736.0 | 1007.0 | 15.0 |  |  |  |  |  |  |  |  |  |  |  |  |  |  |  |  |  |  |  |  | 
751.0 | 1022.0 | 15.0 |  |  |  |  |  |  |  |  |  |  |  |  |  |  |  |  |  |  |  |  | 
766.0 | 1037.0 | 15.0 |  |  |  |  |  |  |  |  |  |  |  |  |  |  |  |  |  |  |  |  | 
782.0 | 1053.0 | 16.0 |  |  |  |  |  |  |  |  |  |  |  |  |  |  |  |  |  |  |  |  | 
798.0 | 1069.0 | 16.0 |  |  |  |  |  |  |  |  |  |  |  |  |  |  |  |  |  |  |  |  | 
814.0 | 1085.0 | 16.0 |  |  |  |  |  |  |  |  |  |  |  |  |  |  |  |  |  |  |  |  | 
831.0 | 1102.0 | 17.0 |  |  |  |  |  |  |  |  |  |  |  |  |  |  |  |  |  |  |  |  | 
848.0 | 1119.0 | 17.0 |  |  |  |  |  |  |  |  |  |  |  |  |  |  |  |  |  |  |  |  | 
865.0 | 1136.0 | 17.0 |  |  |  |  |  |  |  |  |  |  |  |  |  |  |  |  |  |  |  |  | 
882.0 | 1153.0 | 17.0 |  |  |  |  |  |  |  |  |  |  |  |  |  |  |  |  |  |  |  |  | 
899.0 | 1170.0 | 17.0 |  |  |  |  |  |  |  |  |  |  |  |  |  |  |  |  |  |  |  |  | 
917.0 | 1188.0 | 18.0 |  |  |  |  |  |  |  |  |  |  |  |  |  |  |  |  |  |  |  |  | 
935.0 | 1206.0 | 18.0 |  |  |  |  |  |  |  |  |  |  |  |  |  |  |  |  |  |  |  |  | 
953.0 | 1224.0 | 18.0 |  |  |  |  |  |  |  |  |  |  |  |  |  |  |  |  |  |  |  |  | 
971.0 | 1242.0 | 18.0 |  |  |  |  |  |  |  |  |  |  |  |  |  |  |  |  |  |  |  |  | 
989.0 | 1260.0 | 18.0 |  |  |  |  |  |  |  |  |  |  |  |  |  |  |  |  |  |  |  |  | 
1007.0 | 1278.0 | 18.0 |  |  |  |  |  |  |  |  |  |  |  |  |  |  |  |  |  |  |  |  | 
1026.0 | 1297.0 | 19.0 |  |  |  |  |  |  |  |  |  |  |  |  |  |  |  |  |  |  |  |  | 
1045.0 | 1316.0 | 19.0 |  |  |  |  |  |  |  |  |  |  |  |  |  |  |  |  |  |  |  |  | 
1064.0 | 1335.0 | 19.0 |  |  |  |  |  |  |  |  |  |  |  |  |  |  |  |  |  |  |  |  | 
1083.0 | 1354.0 | 19.0 |  |  |  |  |  |  |  |  |  |  |  |  |  |  |  |  |  |  |  |  | 
1103.0 | 1374.0 | 20.0 |  |  |  |  |  |  |  |  |  |  |  |  |  |  |  |  |  |  |  |  | 
1123.0 | 1394.0 | 20.0 |  |  |  |  |  |  |  |  |  |  |  |  |  |  |  |  |  |  |  |  | 
1143.0 | 1414.0 | 20.0 |  |  |  |  |  |  |  |  |  |  |  |  |  |  |  |  |  |  |  |  | 
1163.0 | 1434.0 | 20.0 |  |  |  |  |  |  |  |  |  |  |  |  |  |  |  |  |  |  |  |  | 
1183.0 | 1454.0 | 20.0 |  |  |  |  |  |  |  |  |  |  |  |  |  |  |  |  |  |  |  |  | 
1204.0 | 1475.0 | 21.0 |  |  |  |  |  |  |  |  |  |  |  |  |  |  |  |  |  |  |  |  | 
1225.0 | 1496.0 | 21.0 |  |  |  |  |  |  |  |  |  |  |  |  |  |  |  |  |  |  |  |  | 
1246.0 | 1517.0 | 21.0 |  |  |  |  |  |  |  |  |  |  |  |  |  |  |  |  |  |  |  |  | 
1267.0 | 1538.0 | 21.0 |  |  |  |  |  |  |  |  |  |  |  |  |  |  |  |  |  |  |  |  | 
1288.0 | 1559.0 | 21.0 |  |  |  |  |  |  |  |  |  |  |  |  |  |  |  |  |  |  |  |  | 
1310.0 | 1581.0 | 22.0 |  |  |  |  |  |  |  |  |  |  |  |  |  |  |  |  |  |  |  |  | 
1332.0 | 1603.0 | 22.0 |  |  |  |  |  |  |  |  |  |  |  |  |  |  |  |  |  |  |  |  | 
1354.0 | 1625.0 | 22.0 |  |  |  |  |  |  |  |  |  |  |  |  |  |  |  |  |  |  |  |  | 
1376.0 | 1647.0 | 22.0 |  |  |  |  |  |  |  |  |  |  |  |  |  |  |  |  |  |  |  |  | 
1399.0 | 1670.0 | 23.0 |  |  |  |  |  |  |  |  |  |  |  |  |  |  |  |  |  |  |  |  | 
1422.0 | 1693.0 | 23.0 |  |  |  |  |  |  |  |  |  |  |  |  |  |  |  |  |  |  |  |  | 
1445.0 | 1716.0 | 23.0 |  |  |  |  |  |  |  |  |  |  |  |  |  |  |  |  |  |  |  |  | 
1468.0 | 1739.0 | 23.0 |  |  |  |  |  |  |  |  |  |  |  |  |  |  |  |  |  |  |  |  | 
1491.0 | 1762.0 | 23.0 |  |  |  |  |  |  |  |  |  |  |  |  |  |  |  |  |  |  |  |  | 
1514.0 | 1785.0 | 23.0 |  |  |  |  |  |  |  |  |  |  |  |  |  |  |  |  |  |  |  |  | 
1538.0 | 1809.0 | 24.0 |  |  |  |  |  |  |  |  |  |  |  |  |  |  |  |  |  |  |  |  | 
1562.0 | 1833.0 | 24.0 |  |  |  |  |  |  |  |  |  |  |  |  |  |  |  |  |  |  |  |  | 
1586.0 | 1857.0 | 24.0 |  |  |  |  |  |  |  |  |  |  |  |  |  |  |  |  |  |  |  |  | 
1610.0 | 1881.0 | 24.0 |  |  |  |  |  |  |  |  |  |  |  |  |  |  |  |  |  |  |  |  | 
1634.0 | 1905.0 | 24.0 |  |  |  |  |  |  |  |  |  |  |  |  |  |  |  |  |  |  |  |  | 
1658.0 | 1929.0 | 24.0 |  |  |  |  |  |  |  |  |  |  |  |  |  |  |  |  |  |  |  |  | 
1682.0 | 1953.0 | 24.0 |  |  |  |  |  |  |  |  |  |  |  |  |  |  |  |  |  |  |  |  | 
1706.0 | 1977.0 | 24.0 |  |  |  |  |  |  |  |  |  |  |  |  |  |  |  |  |  |  |  |  | 
1730.0 | 2001.0 | 24.0 |  |  |  |  |  |  |  |  |  |  |  |  |  |  |  |  |  |  |  |  | 
1754.0 | 2025.0 | 24.0 |  |  |  |  |  |  |  |  |  |  |  |  |  |  |  |  |  |  |  |  | 
1778.4 | 2049.4 | 24.40000000000009 |  |  |  |  |  |  |  |  |  |  |  |  |  |  |  |  |  |  |  |  | 
1802.8 | 2073.8 | 24.40000000000009 |  |  |  |  |  |  |  |  |  |  |  |  |  |  |  |  |  |  |  |  | 
1827.2 | 2098.2 | 24.399999999999636 |  |  |  |  |  |  |  |  |  |  |  |  |  |  |  |  |  |  |  |  | 
1851.6 | 2122.6 | 24.40000000000009 |  |  |  |  |  |  |  |  |  |  |  |  |  |  |  |  |  |  |  |  | 
1876.0 | 2147.0 | 24.40000000000009 |  |  |  |  |  |  |  |  |  |  |  |  |  |  |  |  |  |  |  |  | 
1900.4 | 2171.4 | 24.40000000000009 |  |  |  |  |  |  |  |  |  |  |  |  |  |  |  |  |  |  |  |  | 
1924.8 | 2195.8 | 24.40000000000009 |  |  |  |  |  |  |  |  |  |  |  |  |  |  |  |  |  |  |  |  | 
1949.2 | 2220.2 | 24.399999999999636 |  |  |  |  |  |  |  |  |  |  |  |  |  |  |  |  |  |  |  |  | 
1973.6 | 2244.6 | 24.40000000000009 |  |  |  |  |  |  |  |  |  |  |  |  |  |  |  |  |  |  |  |  | 
1998.0 | 2269.0 | 24.40000000000009 |  |  |  |  |  |  |  |  |  |  |  |  |  |  |  |  |  |  |  |  | 
2022.6 | 2293.6 | 24.59999999999991 |  |  |  |  |  |  |  |  |  |  |  |  |  |  |  |  |  |  |  |  | 
2047.2 | 2318.2 | 24.59999999999991 |  |  |  |  |  |  |  |  |  |  |  |  |  |  |  |  |  |  |  |  | 
2071.8 | 2342.8 | 24.600000000000364 |  |  |  |  |  |  |  |  |  |  |  |  |  |  |  |  |  |  |  |  | 
2096.4 | 2367.4 | 24.59999999999991 |  |  |  |  |  |  |  |  |  |  |  |  |  |  |  |  |  |  |  |  | 
2121.0 | 2392.0 | 24.59999999999991 |  |  |  |  |  |  |  |  |  |  |  |  |  |  |  |  |  |  |  |  | 
2145.6 | 2416.6 | 24.59999999999991 |  |  |  |  |  |  |  |  |  |  |  |  |  |  |  |  |  |  |  |  | 
2170.2 | 2441.2 | 24.59999999999991 |  |  |  |  |  |  |  |  |  |  |  |  |  |  |  |  |  |  |  |  | 
2194.8 | 2465.8 | 24.600000000000364 |  |  |  |  |  |  |  |  |  |  |  |  |  |  |  |  |  |  |  |  | 
2219.4 | 2490.4 | 24.59999999999991 |  |  |  |  |  |  |  |  |  |  |  |  |  |  |  |  |  |  |  |  | 
2244.0 | 2515.0 | 24.59999999999991 |  |  |  |  |  |  |  |  |  |  |  |  |  |  |  |  |  |  |  |  | 
2268.6 | 2539.6 | 24.59999999999991 |  |  |  |  |  |  |  |  |  |  |  |  |  |  |  |  |  |  |  |  | 
2293.2 | 2564.2 | 24.59999999999991 |  |  |  |  |  |  |  |  |  |  |  |  |  |  |  |  |  |  |  |  | 
2317.8 | 2588.8 | 24.600000000000364 |  |  |  |  |  |  |  |  |  |  |  |  |  |  |  |  |  |  |  |  | 
2342.4 | 2613.4 | 24.59999999999991 |  |  |  |  |  |  |  |  |  |  |  |  |  |  |  |  |  |  |  |  | 
2367.0 | 2638.0 | 24.59999999999991 |  |  |  |  |  |  |  |  |  |  |  |  |  |  |  |  |  |  |  |  | 
2391.6 | 2662.6 | 24.59999999999991 |  |  |  |  |  |  |  |  |  |  |  |  |  |  |  |  |  |  |  |  | 
2416.2 | 2687.2 | 24.59999999999991 |  |  |  |  |  |  |  |  |  |  |  |  |  |  |  |  |  |  |  |  | 
2440.8 | 2711.8 | 24.600000000000364 |  |  |  |  |  |  |  |  |  |  |  |  |  |  |  |  |  |  |  |  | 
2465.4 | 2736.4 | 24.59999999999991 |  |  |  |  |  |  |  |  |  |  |  |  |  |  |  |  |  |  |  |  | 
2490.0 | 2761.0 | 24.59999999999991 |  |  |  |  |  |  |  |  |  |  |  |  |  |  |  |  |  |  |  |  | 
2514.6 | 2785.6 | 24.59999999999991 |  |  |  |  |  |  |  |  |  |  |  |  |  |  |  |  |  |  |  |  | 
2539.2 | 2810.2 | 24.59999999999991 |  |  |  |  |  |  |  |  |  |  |  |  |  |  |  |  |  |  |  |  | 
2563.8 | 2834.8 | 24.600000000000364 |  |  |  |  |  |  |  |  |  |  |  |  |  |  |  |  |  |  |  |  | 
2588.4 | 2859.4 | 24.59999999999991 |  |  |  |  |  |  |  |  |  |  |  |  |  |  |  |  |  |  |  |  | 
2613.0 | 2884.0 | 24.59999999999991 |  |  |  |  |  |  |  |  |  |  |  |  |  |  |  |  |  |  |  |  | 
2637.7 | 2908.7 | 24.699999999999818 |  |  |  |  |  |  |  |  |  |  |  |  |  |  |  |  |  |  |  |  | 
2662.4 | 2933.4 | 24.700000000000273 |  |  |  |  |  |  |  |  |  |  |  |  |  |  |  |  |  |  |  |  | 
2687.1 | 2958.1 | 24.699999999999818 |  |  |  |  |  |  |  |  |  |  |  |  |  |  |  |  |  |  |  |  | 
2711.8 | 2982.8 | 24.700000000000273 |  |  |  |  |  |  |  |  |  |  |  |  |  |  |  |  |  |  |  |  | 
2736.5 | 3007.5 | 24.699999999999818 |  |  |  |  |  |  |  |  |  |  |  |  |  |  |  |  |  |  |  |  | 
2761.2 | 3032.2 | 24.699999999999818 |  |  |  |  |  |  |  |  |  |  |  |  |  |  |  |  |  |  |  |  | 
2785.9 | 3056.9 | 24.700000000000273 |  |  |  |  |  |  |  |  |  |  |  |  |  |  |  |  |  |  |  |  | 
2810.6 | 3081.6 | 24.699999999999818 |  |  |  |  |  |  |  |  |  |  |  |  |  |  |  |  |  |  |  |  | 
2835.3 | 3106.3 | 24.700000000000273 |  |  |  |  |  |  |  |  |  |  |  |  |  |  |  |  |  |  |  |  | 
2860.0 | 3131.0 | 24.699999999999818 |  |  |  |  |  |  |  |  |  |  |  |  |  |  |  |  |  |  |  |  | 
2884.7 | 3155.7 | 24.699999999999818 |  |  |  |  |  |  |  |  |  |  |  |  |  |  |  |  |  |  |  |  | 
2909.4 | 3180.4 | 24.700000000000273 |  |  |  |  |  |  |  |  |  |  |  |  |  |  |  |  |  |  |  |  | 
2934.1 | 3205.1 | 24.699999999999818 |  |  |  |  |  |  |  |  |  |  |  |  |  |  |  |  |  |  |  |  | 
2958.8 | 3229.8 | 24.700000000000273 |  |  |  |  |  |  |  |  |  |  |  |  |  |  |  |  |  |  |  |  | 
2983.5 | 3254.5 | 24.699999999999818 |  |  |  |  |  |  |  |  |  |  |  |  |  |  |  |  |  |  |  |  | 
3008.2 | 3279.2 | 24.699999999999818 |  |  |  |  |  |  |  |  |  |  |  |  |  |  |  |  |  |  |  |  | 
3032.9 | 3303.9 | 24.700000000000273 |  |  |  |  |  |  |  |  |  |  |  |  |  |  |  |  |  |  |  |  | 
3057.6 | 3328.6 | 24.699999999999818 |  |  |  |  |  |  |  |  |  |  |  |  |  |  |  |  |  |  |  |  | 
3082.3 | 3353.3 | 24.700000000000273 |  |  |  |  |  |  |  |  |  |  |  |  |  |  |  |  |  |  |  |  | 
3107.0 | 3378.0 | 24.699999999999818 |  |  |  |  |  |  |  |  |  |  |  |  |  |  |  |  |  |  |  |  | 
3131.7 | 3402.7 | 24.699999999999818 |  |  |  |  |  |  |  |  |  |  |  |  |  |  |  |  |  |  |  |  | 
3156.4 | 3427.4 | 24.700000000000273 |  |  |  |  |  |  |  |  |  |  |  |  |  |  |  |  |  |  |  |  | 
3181.1 | 3452.1 | 24.699999999999818 |  |  |  |  |  |  |  |  |  |  |  |  |  |  |  |  |  |  |  |  | 
3205.8 | 3476.8 | 24.700000000000273 |  |  |  |  |  |  |  |  |  |  |  |  |  |  |  |  |  |  |  |  | 
3230.5 | 3501.5 | 24.699999999999818 |  |  |  |  |  |  |  |  |  |  |  |  |  |  |  |  |  |  |  |  | 
3255.2 | 3526.2 | 24.699999999999818 |  |  |  |  |  |  |  |  |  |  |  |  |  |  |  |  |  |  |  |  | 
3279.9 | 3550.9 | 24.700000000000273 |  |  |  |  |  |  |  |  |  |  |  |  |  |  |  |  |  |  |  |  | 
3304.6 | 3575.6 | 24.699999999999818 |  |  |  |  |  |  |  |  |  |  |  |  |  |  |  |  |  |  |  |  | 
3329.3 | 3600.3 | 24.700000000000273 |  |  |  |  |  |  |  |  |  |  |  |  |  |  |  |  |  |  |  |  | 
3354.0 | 3625.0 | 24.699999999999818 |  |  |  |  |  |  |  |  |  |  |  |  |  |  |  |  |  |  |  |  | 
3378.8 | 3649.8 | 24.800000000000182 |  |  |  |  |  |  |  |  |  |  |  |  |  |  |  |  |  |  |  |  | 
3403.6 | 3674.6 | 24.799999999999727 |  |  |  |  |  |  |  |  |  |  |  |  |  |  |  |  |  |  |  |  | 
3428.4 | 3699.4 | 24.800000000000182 |  |  |  |  |  |  |  |  |  |  |  |  |  |  |  |  |  |  |  |  | 
3453.2 | 3724.2 | 24.799999999999727 |  |  |  |  |  |  |  |  |  |  |  |  |  |  |  |  |  |  |  |  | 
3478.0 | 3749.0 | 24.800000000000182 |  |  |  |  |  |  |  |  |  |  |  |  |  |  |  |  |  |  |  |  | 
3502.8 | 3773.8 | 24.800000000000182 |  |  |  |  |  |  |  |  |  |  |  |  |  |  |  |  |  |  |  |  | 
3527.6 | 3798.6 | 24.799999999999727 |  |  |  |  |  |  |  |  |  |  |  |  |  |  |  |  |  |  |  |  | 
3552.4 | 3823.4 | 24.800000000000182 |  |  |  |  |  |  |  |  |  |  |  |  |  |  |  |  |  |  |  |  | 
3577.2 | 3848.2 | 24.799999999999727 |  |  |  |  |  |  |  |  |  |  |  |  |  |  |  |  |  |  |  |  | 
3602.0 | 3873.0 | 24.800000000000182 |  |  |  |  |  |  |  |  |  |  |  |  |  |  |  |  |  |  |  |  | 
3627.0 | 3898.0 | 25.0 |  |  |  |  |  |  |  |  |  |  |  |  |  |  |  |  |  |  |  |  | 
3652.0 | 3923.0 | 25.0 |  |  |  |  |  |  |  |  |  |  |  |  |  |  |  |  |  |  |  |  | 
3677.0 | 3948.0 | 25.0 |  |  |  |  |  |  |  |  |  |  |  |  |  |  |  |  |  |  |  |  | 
3702.0 | 3973.0 | 25.0 |  |  |  |  |  |  |  |  |  |  |  |  |  |  |  |  |  |  |  |  | 
3727.0 | 3998.0 | 25.0 |  |  |  |  |  |  |  |  |  |  |  |  |  |  |  |  |  |  |  |  | 
3752.0 | 4023.0 | 25.0 |  |  |  |  |  |  |  |  |  |  |  |  |  |  |  |  |  |  |  |  | 
3777.0 | 4048.0 | 25.0 |  |  |  |  |  |  |  |  |  |  |  |  |  |  |  |  |  |  |  |  | 
3802.0 | 4073.0 | 25.0 |  |  |  |  |  |  |  |  |  |  |  |  |  |  |  |  |  |  |  |  | 
3827.0 | 4098.0 | 25.0 |  |  |  |  |  |  |  |  |  |  |  |  |  |  |  |  |  |  |  |  | 
3852.0 | 4123.0 | 25.0 |  |  |  |  |  |  |  |  |  |  |  |  |  |  |  |  |  |  |  |  | 
3877.0 | 4148.0 | 25.0 |  |  |  |  |  |  |  |  |  |  |  |  |  |  |  |  |  |  |  |  | 
3902.0 | 4173.0 | 25.0 |  |  |  |  |  |  |  |  |  |  |  |  |  |  |  |  |  |  |  |  | 
3927.0 | 4198.0 | 25.0 |  |  |  |  |  |  |  |  |  |  |  |  |  |  |  |  |  |  |  |  | 
3952.0 | 4223.0 | 25.0 |  |  |  |  |  |  |  |  |  |  |  |  |  |  |  |  |  |  |  |  | 
3977.0 | 4248.0 | 25.0 |  |  |  |  |  |  |  |  |  |  |  |  |  |  |  |  |  |  |  |  | 
4002.0 | 4273.0 | 25.0 |  |  |  |  |  |  |  |  |  |  |  |  |  |  |  |  |  |  |  |  | 
4027.0 | 4298.0 | 25.0 |  |  |  |  |  |  |  |  |  |  |  |  |  |  |  |  |  |  |  |  | 
4052.0 | 4323.0 | 25.0 |  |  |  |  |  |  |  |  |  |  |  |  |  |  |  |  |  |  |  |  | 
4077.0 | 4348.0 | 25.0 |  |  |  |  |  |  |  |  |  |  |  |  |  |  |  |  |  |  |  |  | 
4102.0 | 4373.0 | 25.0 |  |  |  |  |  |  |  |  |  |  |  |  |  |  |  |  |  |  |  |  | 
4228.0 | 4499.0 | 126.0 |  |  |  |  |  |  |  |  |  |  |  |  |  |  |  |  |  |  |  |  | 
4353.0 | 4624.0 | 125.0 |  |  |  |  |  |  |  |  |  |  |  |  |  |  |  |  |  |  |  |  | 
4478.0 | 4749.0 | 125.0 |  |  |  |  |  |  |  |  |  |  |  |  |  |  |  |  |  |  |  |  | 
4604.0 | 4875.0 | 126.0 |  |  |  |  |  |  |  |  |  |  |  |  |  |  |  |  |  |  |  |  | 
4729.0 | 5000.0 | 125.0 |  |  |  |  |  |  |  |  |  |  |  |  |  |  |  |  |  |  |  |  | 
4855.0 | 5126.0 | 126.0 |  |  |  |  |  |  |  |  |  |  |  |  |  |  |  |  |  |  |  |  | 
4980.0 | 5251.0 | 125.0 |  |  |  |  |  |  |  |  |  |  |  |  |  |  |  |  |  |  |  |  | 
5106.0 | 5377.0 | 126.0 |  |  |  |  |  |  |  |  |  |  |  |  |  |  |  |  |  |  |  |  | 
===== Sheet: Sheet10 (273行) =====
桃曲坡水库水位、库容查对表 |  |  |  |  |  |  |  |  | 
单位：米、万立米 |  |  |  |  |  |  |  |  | 
水位 | 库容 | 水位 | 库容 | 水位 | 库容 | 水位 | 库容 | 水位 | 库容
766.6 | 0.0 | 772.5 |  | 778.5 |  | 784.5 |  | 790.5 | 
767.0 |  | 773.0 |  | 779.0 |  | 785.0 |  | 791.0 | 
767.4 | 31.0 | 773.5 |  | 779.5 |  | 785.5 |  | 791.5 | 
768.0 |  | 774.0 |  | 780.0 |  | 786.0 |  | 792.0 | 
768.5 |  | 774.5 |  | 780.5 |  | 786.5 |  | 792.5 | 
769.0 |  | 775.0 |  | 781.0 |  | 787.0 |  | 793.0 | 
769.5 |  | 775.5 |  | 781.5 |  | 787.5 |  |  | 
770.0 |  | 776.0 |  | 782.0 |  | 788.0 |  |  | 
770.5 |  | 776.5 |  | 782.5 |  | 788.5 |  |  | 
771.0 |  | 777.0 |  | 783.0 |  | 789.0 |  |  | 
771.5 |  | 777.5 |  | 783.5 |  | 789.5 |  |  | 
772.0 |  | 778.0 |  | 784.0 |  | 790.0 |  |  | 
说明：此查对表采用出库水量反推所得（2008年8月）。 |  |  |  |  |  |  |  |  | 
桃曲坡水库水位、库容查对表 |  |  |  |  |  |  |  |  | 
单位：米、万立米 |  |  |  |  |  |  |  |  | 
水位 | 库容 | 水位 | 库容 | 水位 | 库容 | 水位 | 库容 | 水位 | 库容
766.6 | 0.0 | 772.5 |  | 778.5 |  | 784.5 |  | 790.5 | 
767.0 |  | 773.0 |  | 779.0 |  | 785.0 |  | 791.0 | 
767.4 | 31.0 | 773.5 |  | 779.5 |  | 785.5 |  | 791.5 | 
768.0 |  | 774.0 |  | 780.0 |  | 786.0 |  | 792.0 | 
768.5 |  | 774.5 |  | 780.5 |  | 786.5 |  | 792.5 | 
769.0 |  | 775.0 |  | 781.0 |  | 787.0 |  | 793.0 | 
769.5 |  | 775.5 |  | 781.5 |  | 787.5 |  |  | 
770.0 |  | 776.0 |  | 782.0 |  | 788.0 |  |  | 
770.5 |  | 776.5 |  | 782.5 |  | 788.5 |  |  | 
771.0 |  | 777.0 |  | 783.0 |  | 789.0 |  |  | 
771.5 |  | 777.5 |  | 783.5 |  | 789.5 |  |  | 
772.0 |  | 778.0 |  | 784.0 |  | 790.0 |  |  | 
说明：此查对表采用出库水量反推所得（2008年8月）。 |  |  |  |  |  |  |  |  | 
766.6 | 0.0 |  |  |  |  |  |  |  | 
766.7 | 2.0 | 2.0 |  |  |  |  |  |  | 
766.8 | 4.0 | 2.0 |  |  |  |  |  |  | 
766.9 | 6.0 | 2.0 |  |  |  |  |  |  | 
767.0 | 8.0 | 2.0 |  |  |  |  |  |  | 
767.1 | 13.0 | 5.0 |  |  |  |  |  |  | 
767.2 | 19.0 | 6.0 |  |  |  |  |  |  | 
767.3 | 25.0 | 6.0 |  |  |  |  |  |  | 
767.4 | 31.0 | 6.0 |  |  |  |  |  |  | 
767.5 | 37.0 | 6.0 |  |  |  |  |  |  | 
767.6 | 43.0 | 6.0 |  |  |  |  |  |  | 
767.7 | 49.0 | 6.0 |  |  |  |  |  |  | 
767.8 | 55.0 | 6.0 |  |  |  |  |  |  | 
767.9 | 61.0 | 6.0 |  |  |  |  |  |  | 
768.0 | 67.0 | 6.0 |  |  |  |  |  |  | 
768.1 | 73.0 | 6.0 |  |  |  |  |  |  | 
768.2 | 80.0 | 7.0 |  |  |  |  |  |  | 
768.3 | 87.0 | 7.0 |  |  |  |  |  |  | 
768.4 | 94.0 | 7.0 |  |  |  |  |  |  | 
768.5 | 101.0 | 7.0 |  |  |  |  |  |  | 
768.6 | 108.0 | 7.0 |  |  |  |  |  |  | 
768.7 | 115.0 | 7.0 |  |  |  |  |  |  | 
768.8 | 122.0 | 7.0 |  |  |  |  |  |  | 
768.9 | 129.0 | 7.0 |  |  |  |  |  |  | 
769.0 | 136.0 | 7.0 |  |  |  |  |  |  | 
769.1 | 143.0 | 7.0 |  |  |  |  |  |  | 
769.2 | 151.0 | 8.0 |  |  |  |  |  |  | 
769.3 | 159.0 | 8.0 |  |  |  |  |  |  | 
769.4 | 167.0 | 8.0 |  |  |  |  |  |  | 
769.5 | 175.0 | 8.0 |  |  |  |  |  |  | 
769.6 | 183.0 | 8.0 |  |  |  |  |  |  | 
769.7 | 191.0 | 8.0 |  |  |  |  |  |  | 
769.8 | 199.0 | 8.0 |  |  |  |  |  |  | 
769.9 | 207.0 | 8.0 |  |  |  |  |  |  | 
770.0 | 215.0 | 8.0 |  |  |  |  |  |  | 
770.1 | 224.0 | 9.0 |  |  |  |  |  |  | 
770.2 | 233.0 | 9.0 |  |  |  |  |  |  | 
770.3 | 242.0 | 9.0 |  |  |  |  |  |  | 
770.4 | 251.0 | 9.0 |  |  |  |  |  |  | 
770.5 | 260.0 | 9.0 |  |  |  |  |  |  | 
770.6 | 269.0 | 9.0 |  |  |  |  |  |  | 
770.7 | 278.0 | 9.0 |  |  |  |  |  |  | 
770.8 | 287.0 | 9.0 |  |  |  |  |  |  | 
770.9 | 296.0 | 9.0 |  |  |  |  |  |  | 
771.0 | 306.0 | 10.0 |  |  |  |  |  |  | 
771.1 | 316.0 | 10.0 |  |  |  |  |  |  | 
771.2 | 326.0 | 10.0 |  |  |  |  |  |  | 
771.3 | 336.0 | 10.0 |  |  |  |  |  |  | 
771.4 | 346.0 | 10.0 |  |  |  |  |  |  | 
771.5 | 356.0 | 10.0 |  |  |  |  |  |  | 
771.6 | 366.0 | 10.0 |  |  |  |  |  |  | 
771.7 | 377.0 | 11.0 |  |  |  |  |  |  | 
771.8 | 388.0 | 11.0 |  |  |  |  |  |  | 
771.9 | 399.0 | 11.0 |  |  |  |  |  |  | 
772.0 | 410.0 | 11.0 |  |  |  |  |  |  | 
772.1 | 421.0 | 11.0 |  |  |  |  |  |  | 
772.2 | 432.0 | 11.0 |  |  |  |  |  |  | 
772.3 | 443.0 | 11.0 |  |  |  |  |  |  | 
772.4 | 455.0 | 12.0 |  |  |  |  |  |  | 
772.5 | 467.0 | 12.0 |  |  |  |  |  |  | 
772.6 | 479.0 | 12.0 |  |  |  |  |  |  | 
772.7 | 491.0 | 12.0 |  |  |  |  |  |  | 
772.8 | 503.0 | 12.0 |  |  |  |  |  |  | 
772.9 | 515.0 | 12.0 |  |  |  |  |  |  | 
773.0 | 528.0 | 13.0 |  |  |  |  |  |  | 
773.1 | 541.0 | 13.0 |  |  |  |  |  |  | 
773.2 | 554.0 | 13.0 |  |  |  |  |  |  | 
773.3 | 567.0 | 13.0 |  |  |  |  |  |  | 
773.4 | 580.0 | 13.0 |  |  |  |  |  |  | 
773.5 | 593.0 | 13.0 |  |  |  |  |  |  | 
773.6 | 606.0 | 13.0 |  |  |  |  |  |  | 
773.7 | 620.0 | 14.0 |  |  |  |  |  |  | 
773.8 | 634.0 | 14.0 |  |  |  |  |  |  | 
773.9 | 648.0 | 14.0 |  |  |  |  |  |  | 
774.0 | 662.0 | 14.0 |  |  |  |  |  |  | 
774.1 | 676.0 | 14.0 |  |  |  |  |  |  | 
774.2 | 691.0 | 15.0 |  |  |  |  |  |  | 
774.3 | 706.0 | 15.0 |  |  |  |  |  |  | 
774.4 | 721.0 | 15.0 |  |  |  |  |  |  | 
774.5 | 736.0 | 15.0 |  |  |  |  |  |  | 
774.6 | 751.0 | 15.0 |  |  |  |  |  |  | 
774.7 | 766.0 | 15.0 |  |  |  |  |  |  | 
774.8 | 782.0 | 16.0 |  |  |  |  |  |  | 
774.9 | 798.0 | 16.0 |  |  |  |  |  |  | 
775.0 | 814.0 | 16.0 |  |  |  |  |  |  | 
775.1 | 831.0 | 17.0 |  |  |  |  |  |  | 
775.2 | 848.0 | 17.0 |  |  |  |  |  |  | 
775.3 | 865.0 | 17.0 |  |  |  |  |  |  | 
775.4 | 882.0 | 17.0 |  |  |  |  |  |  | 
775.5 | 899.0 | 17.0 |  |  |  |  |  |  | 
775.6 | 917.0 | 18.0 |  |  |  |  |  |  | 
775.7 | 935.0 | 18.0 |  |  |  |  |  |  | 
775.8 | 953.0 | 18.0 |  |  |  |  |  |  | 
775.9 | 971.0 | 18.0 |  |  |  |  |  |  | 
776.0 | 989.0 | 18.0 |  |  |  |  |  |  | 
776.1 | 1007.0 | 18.0 |  |  |  |  |  |  | 
776.2 | 1026.0 | 19.0 |  |  |  |  |  |  | 
776.3 | 1045.0 | 19.0 |  |  |  |  |  |  | 
776.4 | 1064.0 | 19.0 |  |  |  |  |  |  | 
776.5 | 1083.0 | 19.0 |  |  |  |  |  |  | 
776.6 | 1103.0 | 20.0 |  |  |  |  |  |  | 
776.7 | 1123.0 | 20.0 |  |  |  |  |  |  | 
776.8 | 1143.0 | 20.0 |  |  |  |  |  |  | 
776.9 | 1163.0 | 20.0 |  |  |  |  |  |  | 
777.0 | 1183.0 | 20.0 |  |  |  |  |  |  | 
777.1 | 1204.0 | 21.0 |  |  |  |  |  |  | 
777.2 | 1225.0 | 21.0 |  |  |  |  |  |  | 
777.3 | 1246.0 | 21.0 |  |  |  |  |  |  | 
777.4 | 1267.0 | 21.0 |  |  |  |  |  |  | 
777.5 | 1288.0 | 21.0 |  |  |  |  |  |  | 
777.6 | 1310.0 | 22.0 |  |  |  |  |  |  | 
777.7 | 1332.0 | 22.0 |  |  |  |  |  |  | 
777.8 | 1354.0 | 22.0 |  |  |  |  |  |  | 
777.9 | 1376.0 | 22.0 |  |  |  |  |  |  | 
778.0 | 1399.0 | 23.0 |  |  |  |  |  |  | 
778.1 | 1422.0 | 23.0 |  |  |  |  |  |  | 
778.2 | 1445.0 | 23.0 |  |  |  |  |  |  | 
778.3 | 1468.0 | 23.0 |  |  |  |  |  |  | 
778.4 | 1491.0 | 23.0 |  |  |  |  |  |  | 
778.5 | 1514.0 | 23.0 |  |  |  |  |  |  | 
778.6 | 1538.0 | 24.0 |  |  |  |  |  |  | 
778.7 | 1562.0 | 24.0 |  |  |  |  |  |  | 
778.8 | 1586.0 | 24.0 |  |  |  |  |  |  | 
778.9 | 1610.0 | 24.0 |  |  |  |  |  |  | 
779.0 | 1634.0 | 24.0 |  |  |  |  |  |  | 
779.1 | 1658.0 | 24.0 |  |  |  |  |  |  | 
779.2 | 1682.0 | 24.0 |  |  |  |  |  |  | 
779.3 | 1706.0 | 24.0 |  |  |  |  |  |  | 
779.4 | 1730.0 | 24.0 |  |  |  |  |  |  | 
779.5 | 1754.0 | 24.0 |  |  |  |  |  |  | 
779.6 | 1778.4 | 24.40000000000009 |  |  |  |  |  |  | 
779.7 | 1802.8 | 24.399999999999864 |  |  |  |  |  |  | 
779.8 | 1827.2 | 24.40000000000009 |  |  |  |  |  |  | 
779.9 | 1851.6 | 24.399999999999864 |  |  |  |  |  |  | 
780.0 | 1876.0 | 24.40000000000009 |  |  |  |  |  |  | 
780.1 | 1900.4 | 24.40000000000009 |  |  |  |  |  |  | 
780.2 | 1924.8 | 24.399999999999864 |  |  |  |  |  |  | 
780.3 | 1949.2 | 24.40000000000009 |  |  |  |  |  |  | 
780.4 | 1973.6 | 24.399999999999864 |  |  |  |  |  |  | 
780.5 | 1998.0 | 24.40000000000009 |  |  |  |  |  |  | 
780.6 | 2022.6 | 24.59999999999991 |  |  |  |  |  |  | 
780.7 | 2047.2 | 24.600000000000136 |  |  |  |  |  |  | 
780.8 | 2071.8 | 24.600000000000136 |  |  |  |  |  |  | 
780.9 | 2096.4 | 24.59999999999991 |  |  |  |  |  |  | 
781.0 | 2121.0 | 24.59999999999991 |  |  |  |  |  |  | 
781.1 | 2145.6 | 24.59999999999991 |  |  |  |  |  |  | 
781.2 | 2170.2 | 24.59999999999991 |  |  |  |  |  |  | 
781.3 | 2194.8 | 24.600000000000364 |  |  |  |  |  |  | 
781.4 | 2219.4 | 24.59999999999991 |  |  |  |  |  |  | 
781.5 | 2244.0 | 24.59999999999991 |  |  |  |  |  |  | 
781.6 | 2268.6 | 24.59999999999991 |  |  |  |  |  |  | 
781.7 | 2293.2 | 24.59999999999991 |  |  |  |  |  |  | 
781.8 | 2317.8 | 24.600000000000364 |  |  |  |  |  |  | 
781.9 | 2342.4 | 24.59999999999991 |  |  |  |  |  |  | 
782.0 | 2367.0 | 24.59999999999991 |  |  |  |  |  |  | 
782.1 | 2391.6 | 24.59999999999991 |  |  |  |  |  |  | 
782.2 | 2416.2 | 24.59999999999991 |  |  |  |  |  |  | 
782.3 | 2440.8 | 24.600000000000364 |  |  |  |  |  |  | 
782.4 | 2465.4 | 24.59999999999991 |  |  |  |  |  |  | 
782.5 | 2490.0 | 24.59999999999991 |  |  |  |  |  |  | 
782.6 | 2514.6 | 24.59999999999991 |  |  |  |  |  |  | 
782.7 | 2539.2 | 24.59999999999991 |  |  |  |  |  |  | 
782.8 | 2563.8 | 24.600000000000364 |  |  |  |  |  |  | 
782.9 | 2588.4 | 24.59999999999991 |  |  |  |  |  |  | 
783.0 | 2613.0 | 24.59999999999991 |  |  |  |  |  |  | 
783.1 | 2637.7 | 24.699999999999818 |  |  |  |  |  |  | 
783.2 | 2662.4 | 24.700000000000273 |  |  |  |  |  |  | 
783.3 | 2687.1 | 24.699999999999818 |  |  |  |  |  |  | 
783.4 | 2711.8 | 24.700000000000273 |  |  |  |  |  |  | 
783.5 | 2736.5 | 24.699999999999818 |  |  |  |  |  |  | 
783.6 | 2761.2 | 24.699999999999818 |  |  |  |  |  |  | 
783.7 | 2785.9 | 24.700000000000273 |  |  |  |  |  |  | 
783.8 | 2810.6 | 24.699999999999818 |  |  |  |  |  |  | 
783.9 | 2835.3 | 24.700000000000273 |  |  |  |  |  |  | 
784.0 | 2860.0 | 24.699999999999818 |  |  |  |  |  |  | 
784.1 | 2884.7 | 24.699999999999818 |  |  |  |  |  |  | 
784.2 | 2909.4 | 24.700000000000273 |  |  |  |  |  |  | 
784.3 | 2934.1 | 24.699999999999818 |  |  |  |  |  |  | 
784.4 | 2958.8 | 24.700000000000273 |  |  |  |  |  |  | 
784.5 | 2983.5 | 24.699999999999818 |  |  |  |  |  |  | 
784.6 | 3008.2 | 24.699999999999818 |  |  |  |  |  |  | 
784.7 | 3032.9 | 24.700000000000273 |  |  |  |  |  |  | 
784.8 | 3057.6 | 24.699999999999818 |  |  |  |  |  |  | 
784.9 | 3082.3 | 24.700000000000273 |  |  |  |  |  |  | 
785.0 | 3107.0 | 24.699999999999818 |  |  |  |  |  |  | 
785.1 | 3131.7 | 24.699999999999818 |  |  |  |  |  |  | 
785.2 | 3156.4 | 24.700000000000273 |  |  |  |  |  |  | 
785.3 | 3181.1 | 24.699999999999818 |  |  |  |  |  |  | 
785.4 | 3205.8 | 24.700000000000273 |  |  |  |  |  |  | 
785.5 | 3230.5 | 24.699999999999818 |  |  |  |  |  |  | 
785.6 | 3255.2 | 24.699999999999818 |  |  |  |  |  |  | 
785.7 | 3279.9 | 24.700000000000273 |  |  |  |  |  |  | 
785.8 | 3304.6 | 24.699999999999818 |  |  |  |  |  |  | 
785.9 | 3329.3 | 24.700000000000273 |  |  |  |  |  |  | 
786.0 | 3354.0 | 24.699999999999818 |  |  |  |  |  |  | 
786.1 | 3378.8 | 24.800000000000182 |  |  |  |  |  |  | 
786.2 | 3403.6 | 24.799999999999727 |  |  |  |  |  |  | 
786.3 | 3428.4 | 24.800000000000182 |  |  |  |  |  |  | 
786.4 | 3453.2 | 24.799999999999727 |  |  |  |  |  |  | 
786.5 | 3478.0 | 24.800000000000182 |  |  |  |  |  |  | 
786.6 | 3502.8 | 24.800000000000182 |  |  |  |  |  |  | 
786.7 | 3527.6 | 24.799999999999727 |  |  |  |  |  |  | 
786.8 | 3552.4 | 24.800000000000182 |  |  |  |  |  |  | 
786.9 | 3577.2 | 24.799999999999727 |  |  |  |  |  |  | 
787.0 | 3602.0 | 24.800000000000182 |  |  |  |  |  |  | 
787.1 | 3627.0 | 25.0 |  |  |  |  |  |  | 
787.2 | 3652.0 | 25.0 |  |  |  |  |  |  | 
787.3 | 3677.0 | 25.0 |  |  |  |  |  |  | 
787.4 | 3702.0 | 25.0 |  |  |  |  |  |  | 
787.5 | 3727.0 | 25.0 |  |  |  |  |  |  | 
787.6 | 3752.0 | 25.0 |  |  |  |  |  |  | 
787.7 | 3777.0 | 25.0 |  |  |  |  |  |  | 
787.8 | 3802.0 | 25.0 |  |  |  |  |  |  | 
787.9 | 3827.0 | 25.0 |  |  |  |  |  |  | 
788.0 | 3852.0 | 25.0 |  |  |  |  |  |  | 
788.1 | 3877.0 | 25.0 |  |  |  |  |  |  | 
788.2 | 3902.0 | 25.0 |  |  |  |  |  |  | 
788.3 | 3927.0 | 25.0 |  |  |  |  |  |  | 
788.4 | 3952.0 | 25.0 |  |  |  |  |  |  | 
788.5 | 3977.0 | 25.0 |  |  |  |  |  |  | 
788.6 | 4002.0 | 25.0 |  |  |  |  |  |  | 
788.7 | 4027.0 | 25.0 |  |  |  |  |  |  | 
788.8 | 4052.0 | 25.0 |  |  |  |  |  |  | 
788.9 | 4077.0 | 25.0 |  |  |  |  |  |  | 
789.0 | 4102.0 | 25.0 |  |  |  |  |  |  | 
789.5 | 4228.0 | 126.0 |  |  |  |  |  |  | 
790.0 | 4353.0 | 125.0 |  |  |  |  |  |  | 
790.5 | 4478.0 | 125.0 |  |  |  |  |  |  | 
791.0 | 4604.0 | 126.0 |  |  |  |  |  |  | 
791.5 | 4729.0 | 125.0 |  |  |  |  |  |  | 
792.0 | 4855.0 | 126.0 |  |  |  |  |  |  | 
792.5 | 4980.0 | 125.0 |  |  |  |  |  |  | 
793.0 | 5106.0 | 126.0 |  |  |  |  |  |  | 
===== Sheet: Sheet9 (72行) =====
库水位 | 推算V1 | 推算V2
766.6 | 0.0 | 0.0
767.4 | 31.0 | 31.0
768.24 | 377.0 | 106.0
770.08 | 532.55 | 261.54999999999995
771.3 | 679.75 | 408.75
772.35 | 815.95 | 544.95
773.47 | 950.75 | 679.75
774.39 | 1084.25 | 813.25
775.15 | 1213.15 | 942.1500000000001
775.82 | 1334.75 | 1063.75
776.0 | 1369.0 | 1098.0
776.43 | 1450.25 | 1179.25
777.02 | 1564.75 | 1293.75
777.14 | 1595.12 | 1324.12
775.88 | 1375.41 | 1104.41
776.18 | 1421.52 | 1150.52
776.64 | 1509.79 | 1238.79
777.1 | 1595.75 | 1324.75
777.24 | 1621.03 | 1350.03
776.56 | 1475.48 | 1204.48
774.92 | 1208.66 | 937.6600000000001
775.04 | 1226.82 | 955.8199999999999
775.84 | 1355.74 | 1084.74
776.6 | 1484.48 | 1213.48
777.31 | 1613.76 | 1342.76
777.83 | 1711.55 | 1440.55
778.03 | 1746.47 | 1475.47
776.84 | 1529.82 | 1258.82
776.94 | 1538.7 | 1267.7
777.16 | 1575.25 | 1304.25
777.48 | 1628.32 | 1357.32
777.82 | 1693.8 | 1422.8
778.24 | 1775.12 | 1504.12
778.65 | 1859.45 | 1588.45
779.04 | 1944.12 | 1673.12
779.45 | 2039.97 | 1768.97
779.87 | 2140.12 | 1869.12
780.0 | 2171.0 | 1900.0
780.28 | 2237.91 | 1966.9099999999999
780.65 | 2333.69 | 2062.69
781.06 | 2429.83 | 2158.83
781.44 | 2525.33 | 2254.33
781.8 | 2618.55 | 2347.55
781.84 | 2633.31 | 2362.31
781.12 | 2444.91 | 2173.91
781.22 | 2466.68 | 2195.68
781.45 | 2513.84 | 2242.84
781.65 | 2564.8 | 2293.8
781.93 | 2614.5 | 2343.5
782.18 | 2684.08 | 2413.08
782.49 | 2752.73 | 2481.73
782.83 | 2846.46 | 2575.46
783.16 | 2940.58 | 2669.58
783.57 | 3034.7 | 2763.7
784.0 | 3140.0 | 2869.0
784.03 | 3146.68 | 2875.68
784.52 | 3263.26 | 2992.26
784.98 | 3377.25 | 3106.25
785.43 | 3491.24 | 3220.24
785.89 | 3606.85 | 3335.85
786.36 | 3723.4 | 3452.4
786.77 | 3827.81 | 3556.81
787.22 | 3929.79 | 3658.79
787.62 | 4033.32 | 3762.32
788.0 | 4137.75 | 3866.75
788.34 | 4225.37 | 3954.37
788.5 | 4267.0 | 3996.0
788.66 | 4308.23 | 4037.2299999999996
788.78 | 4327.32 | 4056.3199999999997
790.5 | 4752.0 | 4481.0
===== Sheet: Sheet8 (74行) =====
逆时序推求水位库容关系曲线计算表 |  |  |  |  |  |  |  | 
m、万m3 |  |  |  |  |  |  |  | 
时间 |  |  | 库水位 | w出 | V末 | w入 | 推算V初 | 查97线得V
月 | 日 | 时 |  |  |  |  |  | 
 |  |  | 766.6 |  |  |  | 0.0 | 238.0
 |  |  | 767.4 |  |  |  | 31.0 | 302.0
8.0 | 7.0 | 8.0 | 768.24 | 164.85 | 376.6 | 8.9 |  | 377.0
 | 6.0 | 8.0 | 770.08 | 156.4 | 532.55 | 9.2 | 532.5500000000001 | 559.0
 | 5.0 | 8.0 | 771.3 | 145.4 | 679.75 | 9.2 | 679.7499999999999 | 701.0
 | 4.0 | 8.0 | 772.35 | 144.2 | 815.95 | 9.4 | 815.9499999999999 | 839.0
 | 3.0 | 8.0 | 773.47 | 143.6 | 950.75 | 10.1 | 950.7500000000001 | 979.0
 | 2.0 | 8.0 | 774.39 | 139.1 | 1084.25 | 10.2 | 1084.25 | 1125.0
 | 1.0 | 8.0 | 775.15 | 131.8 | 1213.15 | 10.2 | 1213.1499999999999 | 1238.0
7.0 | 31.0 | 8.0 | 775.82 | 127.1 | 1334.75 | 11.6 | 1334.75 | 1344.0
 |  |  | 776.0 |  |  |  | 1369.0 | 1375.0
 | 30.0 | 8.0 | 776.43 | 126.5 | 1450.25 | 12.0 | 1450.25 | 1440.0
 | 29.0 | 8.0 | 777.02 | 42.97 | 1564.75 | 12.6 | 1564.75 | 1543.0
 | 28.0 | 8.0 | 777.14 | 41.69 | 1595.12 | 261.4 | 1595.1200000000001 | 1562.0
7.0 | 14.0 | 8.0 | 775.88 | 54.11 | 1375.41 | 8.0 | 1375.4099999999999 | 1355.0
 | 13.0 | 8.0 | 776.18 | 95.57 | 1421.52 | 7.3 | 1421.52 | 1402.0
 | 12.0 | 8.0 | 776.64 | 93.66 | 1509.79 | 7.7 | 1509.79 | 1475.0
 | 11.0 | 8.0 | 777.1 | 34.08 | 1595.75 | 8.8 | 1595.75 | 1556.0
 | 10.0 | 8.0 | 777.24 |  |  |  | 1621.03 | 1578.0
6.0 | 27.0 | 8.0 | 776.56 | 31.48 | 1475.48 | 298.3 |  | 1461.0
 | 15.0 | 8.0 | 774.92 | 30.26 | 1208.66 | 12.1 | 1208.66 | 1203.0
 | 14.0 | 8.0 | 775.04 | 136.02 | 1226.82 | 7.1 | 1226.8200000000002 | 1221.0
 | 13.0 | 8.0 | 775.84 | 136.04 | 1355.74 | 7.3 | 1355.74 | 1348.0
 | 12.0 | 8.0 | 776.6 | 136.58 | 1484.48 | 7.3 | 1484.48 | 1468.0
 | 11.0 | 8.0 | 777.31 | 105.09 | 1613.76 | 7.3 | 1613.76 | 1590.0
 | 10.0 | 8.0 | 777.83 | 42.22 | 1711.55 | 7.3 | 1711.55 | 1679.0
 | 9.0 | 8.0 | 778.03 |  |  |  | 1746.47 | 1715.0
4.0 | 8.0 | 8.0 | 776.84 | 32.38 | 1529.82 | 23.5 |  | 1511.0
 | 7.0 | 8.0 | 776.94 | 60.05 | 1538.7 | 23.5 | 1538.7 | 1529.0
 | 6.0 | 8.0 | 777.16 | 76.57 | 1575.25 | 23.5 | 1575.25 | 1566.0
 | 5.0 | 8.0 | 777.48 | 88.98 | 1628.32 | 23.5 | 1628.32 | 1617.0
 | 4.0 | 8.0 | 777.82 | 104.82 | 1693.8 | 23.5 | 1693.8 | 1678.0
 | 3.0 | 8.0 | 778.24 | 107.83 | 1775.12 | 23.5 | 1775.12 | 1753.0
 | 2.0 | 8.0 | 778.65 | 108.17 | 1859.45 | 23.5 | 1859.4499999999998 | 1830.0
 | 1.0 | 8.0 | 779.04 | 112.83 | 1944.12 | 16.98 | 1944.1200000000001 | 1908.0
3.0 | 31.0 | 8.0 | 779.45 | 117.13 | 2039.97 | 16.98 | 2039.9699999999998 | 1990.0
 | 30.0 | 8.0 | 779.87 | 114.77 | 2140.12 | 16.98 | 2140.12 | 2081.0
 |  |  | 780.0 |  |  |  | 2171.0 | 2110.0
 | 29.0 | 8.0 | 780.28 | 112.76 | 2237.91 | 16.98 | 2237.91 | 2166.0
 | 28.0 | 8.0 | 780.65 | 113.12 | 2333.69 | 16.98 | 2333.69 | 2240.0
 | 27.0 | 8.0 | 781.06 | 112.48 | 2429.83 | 16.98 | 2429.83 | 2322.0
 | 26.0 | 8.0 | 781.44 | 110.2 | 2525.33 | 16.98 | 2525.33 | 2398.0
 | 25.0 | 8.0 | 781.8 | 31.74 | 2618.55 | 16.98 | 2618.5499999999997 | 2476.0
 | 24.0 | 8.0 | 781.84 |  |  |  | 2633.31 | 2485.0
12.0 | 26.0 | 8.0 | 781.12 | 31.19 | 2444.91 | 9.42 |  | 2334.0
 | 25.0 | 8.0 | 781.22 | 56.58 | 2466.68 | 9.42 | 2466.68 | 2354.0
 | 24.0 | 8.0 | 781.45 | 60.38 | 2513.84 | 9.42 | 2513.8399999999997 | 2400.0
 | 23.0 | 8.0 | 781.65 | 59.12 | 2564.8 | 9.42 | 2564.8 | 2443.0
 | 22.0 | 8.0 | 781.93 | 79.0 | 2614.5 | 9.42 | 2614.5 | 2505.0
 | 21.0 | 8.0 | 782.18 | 79.36 | 2684.08 | 10.71 | 2684.08 | 2556.0
 | 20.0 | 8.0 | 782.49 | 104.44 | 2752.73 | 10.71 | 2752.73 | 2618.0
 | 19.0 | 8.0 | 782.83 | 104.83 | 2846.46 | 10.71 | 2846.46 | 2683.0
 | 18.0 | 8.0 | 783.16 | 104.83 | 2940.58 | 10.71 | 2940.58 | 2752.0
 | 17.0 | 8.0 | 783.57 | 122.69 | 3034.7 | 10.71 | 3034.7 | 2834.0
 |  |  | 784.0 |  |  |  | 3140.0 | 2920.0
 | 16.0 | 8.0 | 784.03 | 127.29 | 3146.68 | 10.71 | 3146.68 | 2926.0
 | 15.0 | 8.0 | 784.52 | 124.7 | 3263.26 | 10.71 | 3263.2599999999998 | 3024.0
 | 14.0 | 8.0 | 784.98 | 124.7 | 3377.25 | 10.71 | 3377.25 | 3126.0
 | 13.0 | 8.0 | 785.43 | 126.32 | 3491.24 | 10.71 | 3491.24 | 3233.0
 | 12.0 | 8.0 | 785.89 | 127.26 | 3606.85 | 10.71 | 3606.85 | 3344.0
 | 11.0 | 8.0 | 786.36 | 119.44 | 3723.4 | 15.03 | 3723.4 | 3453.0
 | 10.0 | 8.0 | 786.77 | 117.01 | 3827.81 | 15.03 | 3827.81 | 3547.0
 | 9.0 | 8.0 | 787.22 | 118.56 | 3929.79 | 15.03 | 3929.79 | 3652.0
 | 8.0 | 8.0 | 787.62 | 119.46 | 4033.32 | 15.03 | 4033.3199999999997 | 3748.0
 | 7.0 | 8.0 | 788.0 | 102.65 | 4137.75 | 15.03 | 4137.75 | 3838.0
 | 6.0 | 8.0 | 788.34 | 97.89 | 4225.37 | 15.03 | 4225.37 | 3913.0
 |  |  | 788.5 |  |  |  | 4267.0 | 3949.0
 | 5.0 | 8.0 | 788.66 | 34.12 | 4308.23 | 15.03 | 4308.2300000000005 | 3985.0
 | 4.0 |  | 788.78 |  |  |  | 4327.32 | 4011.0
 |  |  | 790.5 |  |  |  | 4752.0 | 
===== Sheet: Sheet3 (275行) =====
柳林断面2007年来水量统计表 |  |  |  |  |  |  |  |  | 
万立米 |  |  |  |  |  |  |  |  | 
月 | 日 | 时 | 流量 | 平均流量 | 时段 | 水量 | 累计水量 | 月来水量 | 入库水量
1.0 | 1.0 | 08:00:00 | 0.74 |  |  |  |  |  | 
 | 11.0 | 08:00:00 | 0.74 | 0.74 | 240.0 | 63.93599999999999 | 63.93599999999999 |  | 
 | 21.0 | 08:00:00 | 0.74 | 0.74 | 240.0 | 63.93599999999999 | 127.87199999999999 |  | 
 | 31.0 | 08:00:00 | 0.74 | 0.74 | 240.0 | 63.93599999999999 | 191.808 |  | 
2.0 | 1.0 | 08:00:00 | 0.6 | 0.6699999999999999 | 24.0 | 5.788799999999999 | 197.5968 | 197.5968 | 243.044064
 | 11.0 | 08:00:00 | 0.6 | 0.6 | 240.0 | 51.839999999999996 | 249.4368 |  | 
 | 21.0 | 08:00:00 | 0.6 | 0.6 | 240.0 | 51.839999999999996 | 301.2768 |  | 
 | 28.0 | 08:00:00 | 0.6 | 0.6 | 168.0 | 36.288 | 337.5648 |  | 
3.0 | 1.0 | 08:00:00 | 0.72 | 0.6599999999999999 | 24.0 | 5.702399999999999 | 343.2672 | 145.6704 | 179.174592
 | 11.0 | 08:00:00 | 0.72 | 0.72 | 240.0 | 62.20799999999999 | 405.4752 |  | 
 | 21.0 | 08:00:00 | 0.72 | 0.72 | 240.0 | 62.20799999999999 | 467.68319999999994 |  | 
 | 31.0 | 08:00:00 | 0.72 | 0.72 | 240.0 | 62.20799999999999 | 529.8911999999999 |  | 
4.0 | 1.0 | 08:00:00 | 3.4 | 2.06 | 24.0 | 17.798399999999997 | 547.6895999999999 | 204.42239999999993 | 251.4395519999999
 | 10.0 | 08:00:00 | 3.4 | 3.4 | 216.0 | 264.38399999999996 | 812.0735999999999 |  | 
 | 11.0 | 08:00:00 | 2.3 | 2.8499999999999996 | 24.0 | 24.623999999999995 | 836.6976 |  | 
 | 20.0 | 08:00:00 | 2.3 | 2.3 | 216.0 | 178.84799999999998 | 1015.5455999999999 |  | 
 | 21.0 | 08:00:00 | 1.63 | 1.9649999999999999 | 24.0 | 16.9776 | 1032.5231999999999 |  | 
 | 30.0 | 08:00:00 | 1.63 | 1.63 | 216.0 | 126.74879999999999 | 1159.272 |  | 
5.0 | 1.0 | 08:00:00 | 1.09 | 1.3599999999999999 | 24.0 | 11.750399999999999 | 1171.0223999999998 | 623.3327999999999 | 766.6993439999999
 | 2.0 | 08:00:00 | 0.95 | 1.02 | 24.0 | 8.8128 | 1179.8351999999998 |  | 
 | 3.0 | 08:00:00 | 0.95 | 0.95 | 24.0 | 8.207999999999998 | 1188.0431999999998 |  | 
 | 4.0 | 08:00:00 | 0.95 | 0.95 | 24.0 | 8.207999999999998 | 1196.2512 |  | 
 | 5.0 | 08:00:00 | 0.95 | 0.95 | 24.0 | 8.207999999999998 | 1204.4592 |  | 
 | 6.0 | 08:00:00 | 0.82 | 0.885 | 24.0 | 7.646400000000001 | 1212.1056 |  | 
 | 15.0 | 08:00:00 | 0.84 | 0.83 | 216.0 | 64.5408 | 1276.6464 |  | 
 | 16.0 | 08:00:00 | 0.741 | 0.7905 | 24.0 | 6.82992 | 1283.47632 |  | 
 | 17.0 | 08:00:00 | 0.741 | 0.741 | 24.0 | 6.402239999999999 | 1289.8785599999999 |  | 
 | 18.0 | 08:00:00 | 0.741 | 0.741 | 24.0 | 6.402239999999999 | 1296.2807999999998 |  | 
 | 21.0 | 08:00:00 | 0.6 | 0.6705 | 72.0 | 17.37936 | 1313.6601599999997 |  | 
 | 22.0 | 08:00:00 | 0.6 | 0.6 | 24.0 | 5.183999999999999 | 1318.8441599999996 |  | 
 | 23.0 | 08:00:00 | 0.6 | 0.6 | 24.0 | 5.183999999999999 | 1324.0281599999996 |  | 
 | 24.0 | 08:00:00 | 0.6 | 0.6 | 24.0 | 5.183999999999999 | 1329.2121599999996 |  | 
 | 25.0 | 08:00:00 | 0.6 | 0.6 | 24.0 | 5.183999999999999 | 1334.3961599999996 |  | 
 | 26.0 | 08:00:00 | 0.42 | 0.51 | 24.0 | 4.4064 | 1338.8025599999996 |  | 
 | 27.0 | 08:00:00 | 0.42 | 0.42 | 24.0 | 3.6288 | 1342.4313599999996 |  | 
 | 28.0 | 08:00:00 | 0.42 | 0.42 | 24.0 | 3.6288 | 1346.0601599999995 |  | 
 | 29.0 | 08:00:00 | 0.32 | 0.37 | 24.0 | 3.1967999999999996 | 1349.2569599999995 |  | 
 | 30.0 | 08:00:00 | 0.32 | 0.32 | 24.0 | 2.7647999999999997 | 1352.0217599999994 |  | 
 | 31.0 | 08:00:00 | 0.741 | 0.5305 | 24.0 | 4.583519999999999 | 1356.6052799999993 |  | 
6.0 | 1.0 | 08:00:00 | 0.62 | 0.6805 | 24.0 | 5.87952 | 1362.4847999999993 | 191.46239999999943 | 235.4987519999993
 | 2.0 | 08:00:00 | 0.62 | 0.62 | 24.0 | 5.3568 | 1367.8415999999993 |  | 
 | 3.0 | 08:00:00 | 0.62 | 0.62 | 24.0 | 5.3568 | 1373.1983999999993 |  | 
 | 4.0 | 08:00:00 | 0.62 | 0.62 | 24.0 | 5.3568 | 1378.5551999999993 |  | 
 | 5.0 | 08:00:00 | 0.6 | 0.61 | 24.0 | 5.2704 | 1383.8255999999994 |  | 
 | 6.0 | 08:00:00 | 0.42 | 0.51 | 24.0 | 4.4064 | 1388.2319999999995 |  | 
 | 7.0 | 08:00:00 | 0.42 | 0.42 | 24.0 | 3.6288 | 1391.8607999999995 |  | 
 | 8.0 | 08:00:00 | 0.42 | 0.42 | 24.0 | 3.6288 | 1395.4895999999994 |  | 
 | 9.0 | 08:00:00 | 0.42 | 0.42 | 24.0 | 3.6288 | 1399.1183999999994 |  | 
 | 10.0 | 08:00:00 | 0.42 | 0.42 | 24.0 | 3.6288 | 1402.7471999999993 |  | 
 | 11.0 | 08:00:00 | 0.42 | 0.42 | 24.0 | 3.6288 | 1406.3759999999993 |  | 
 | 12.0 | 08:00:00 | 0.42 | 0.42 | 24.0 | 3.6288 | 1410.0047999999992 |  | 
 | 13.0 | 08:00:00 | 0.42 | 0.42 | 24.0 | 3.6288 | 1413.6335999999992 |  | 
 | 14.0 | 08:00:00 | 0.42 | 0.42 | 24.0 | 3.6288 | 1417.2623999999992 |  | 
 | 15.0 | 08:00:00 | 0.42 | 0.42 | 24.0 | 3.6288 | 1420.8911999999991 |  | 
 | 16.0 | 08:00:00 | 0.42 | 0.42 | 24.0 | 3.6288 | 1424.519999999999 |  | 
 | 17.0 | 08:00:00 | 0.42 | 0.42 | 24.0 | 3.6288 | 1428.148799999999 |  | 
 | 18.0 | 08:00:00 | 1.44 | 0.9299999999999999 | 24.0 | 8.0352 | 1436.183999999999 |  | 
 |  | 20:00:00 | 1.26 | 1.35 | 12.0 | 5.832000000000001 | 1442.0159999999992 |  | 
 | 19.0 | 08:00:00 | 1.44 | 1.35 | 12.0 | 5.832000000000001 | 1447.8479999999993 |  | 
 | 20.0 | 08:00:00 | 1.44 | 1.44 | 24.0 | 12.441600000000001 | 1460.2895999999994 |  | 
 | 21.0 | 08:00:00 | 1.44 | 1.44 | 24.0 | 12.441600000000001 | 1472.7311999999995 |  | 
 | 22.0 | 08:00:00 | 1.26 | 1.35 | 24.0 | 11.664000000000001 | 1484.3951999999995 |  | 
 | 23.0 | 08:00:00 | 1.26 | 1.26 | 24.0 | 10.8864 | 1495.2815999999996 |  | 
 | 24.0 | 08:00:00 | 1.08 | 1.17 | 24.0 | 10.108799999999999 | 1505.3903999999995 |  | 
 | 25.0 | 08:00:00 | 1.08 | 1.08 | 24.0 | 9.3312 | 1514.7215999999996 |  | 
 | 26.0 | 08:00:00 | 0.96 | 1.02 | 24.0 | 8.8128 | 1523.5343999999996 |  | 
 | 27.0 | 08:00:00 | 0.96 | 0.96 | 24.0 | 8.2944 | 1531.8287999999995 |  | 
 | 28.0 | 08:00:00 | 0.96 | 0.96 | 24.0 | 8.2944 | 1540.1231999999995 |  | 
 | 29.0 | 08:00:00 | 0.85 | 0.905 | 24.0 | 7.8191999999999995 | 1547.9423999999995 |  | 
 | 30.0 | 08:00:00 | 0.96 | 0.905 | 24.0 | 7.8191999999999995 | 1555.7615999999994 |  | 
7.0 | 1.0 | 08:00:00 | 0.85 | 0.905 | 24.0 | 7.8191999999999995 | 1563.5807999999993 | 201.096 | 247.34808
 | 2.0 | 08:00:00 | 0.96 | 0.905 | 24.0 | 7.8191999999999995 | 1571.3999999999992 |  | 
 | 3.0 | 08:00:00 | 1.26 | 1.1099999999999999 | 24.0 | 9.590399999999999 | 1580.9903999999992 |  | 
 | 4.0 | 08:00:00 | 1.26 | 1.26 | 24.0 | 10.8864 | 1591.8767999999993 |  | 
 | 5.0 | 08:00:00 | 1.26 | 1.26 | 24.0 | 10.8864 | 1602.7631999999994 |  | 
 | 6.0 | 08:00:00 | 0.85 | 1.055 | 24.0 | 9.1152 | 1611.8783999999994 |  | 
 | 7.0 | 08:00:00 | 0.85 | 0.85 | 24.0 | 7.343999999999999 | 1619.2223999999994 |  | 
 | 8.0 | 08:00:00 | 0.85 | 0.85 | 24.0 | 7.343999999999999 | 1626.5663999999995 |  | 
 | 9.0 | 08:00:00 | 0.741 | 0.7955 | 24.0 | 6.873119999999999 | 1633.4395199999994 |  | 
 | 10.0 | 08:00:00 | 0.62 | 0.6805 | 24.0 | 5.87952 | 1639.3190399999994 |  | 
 | 11.0 | 08:00:00 | 0.58 | 0.6 | 24.0 | 5.183999999999999 | 1644.5030399999994 |  | 
 | 12.0 | 08:00:00 | 0.58 | 0.58 | 24.0 | 5.011199999999999 | 1649.5142399999993 |  | 
 |  | 20:00:00 | 1.1 | 0.8400000000000001 | 12.0 | 3.6288000000000005 | 1653.1430399999992 |  | 
 | 13.0 | 08:00:00 | 0.85 | 0.9750000000000001 | 12.0 | 4.212000000000001 | 1657.3550399999992 |  | 
 | 14.0 | 08:00:00 | 0.62 | 0.735 | 24.0 | 6.3504 | 1663.7054399999993 |  | 
 | 15.0 | 08:00:00 | 0.58 | 0.6 | 24.0 | 5.183999999999999 | 1668.8894399999992 |  | 
 | 16.0 | 08:00:00 | 0.58 | 0.58 | 24.0 | 5.011199999999999 | 1673.9006399999992 |  | 
 | 17.0 | 08:00:00 | 0.58 | 0.58 | 24.0 | 5.011199999999999 | 1678.911839999999 |  | 
 | 18.0 | 08:00:00 | 0.58 | 0.58 | 24.0 | 5.011199999999999 | 1683.923039999999 |  | 
 | 19.0 | 08:00:00 | 0.96 | 0.77 | 24.0 | 6.6528 | 1690.575839999999 |  | 
 |  | 20:00:00 | 1.84 | 1.4 | 12.0 | 6.047999999999999 | 1696.623839999999 |  | 
 | 20.0 | 08:00:00 | 1.65 | 1.745 | 12.0 | 7.5384 | 1704.162239999999 |  | 
 | 21.0 | 08:00:00 | 0.96 | 1.305 | 24.0 | 11.2752 | 1715.437439999999 |  | 
 | 22.0 | 08:00:00 | 0.85 | 0.905 | 24.0 | 7.8191999999999995 | 1723.256639999999 |  | 
 | 23.0 | 08:00:00 | 0.85 | 0.85 | 24.0 | 7.343999999999999 | 1730.600639999999 |  | 
 | 24.0 | 08:00:00 | 0.741 | 0.7955 | 24.0 | 6.873119999999999 | 1737.473759999999 |  | 
 | 25.0 | 08:00:00 | 1.65 | 1.1955 | 24.0 | 10.32912 | 1747.802879999999 |  | 
 | 26.0 | 08:00:00 | 0.62 | 1.135 | 24.0 | 9.8064 | 1757.609279999999 |  | 
 | 27.0 | 08:00:00 | 7.0 | 3.81 | 24.0 | 32.9184 | 1790.527679999999 |  | 
 | 28.0 | 08:00:00 | 4.2 | 5.6 | 24.0 | 48.38399999999999 | 1838.911679999999 |  | 
 | 29.0 | 08:00:00 | 15.0 | 9.6 | 24.0 | 82.94399999999999 | 1921.855679999999 |  | 
 |  | 09:00:00 | 45.0 | 30.0 | 1.0 | 10.799999999999999 | 1932.655679999999 |  | 
 |  | 11:00:00 | 29.0 | 37.0 | 2.0 | 26.64 | 1959.295679999999 |  | 
 |  | 20:00:00 | 30.0 | 29.5 | 9.0 | 95.58 | 2054.875679999999 |  | 
 | 30.0 | 08:00:00 | 14.7 | 22.35 | 12.0 | 96.552 | 2151.4276799999993 |  | 
 |  | 20:00:00 | 11.1 | 12.899999999999999 | 12.0 | 55.727999999999994 | 2207.1556799999994 |  | 
 | 31.0 | 08:00:00 | 10.1 | 10.6 | 12.0 | 45.791999999999994 | 2252.9476799999993 |  | 
 |  | 15:30:00 | 30.0 | 20.05 | 7.5 | 54.135 | 2307.0826799999995 |  | 
 |  | 20:00:00 | 16.0 | 23.0 | 4.5 | 37.26 | 2344.3426799999997 |  | 
8.0 | 1.0 | 08:00:00 | 8.5 | 12.25 | 12.0 | 52.919999999999995 | 2397.26268 | 833.6818800000005 | 1025.4287124000007
 |  | 20:00:00 | 8.0 | 8.25 | 12.0 | 35.64 | 2432.9026799999997 |  | 
 | 2.0 | 08:00:00 | 7.6 | 7.8 | 12.0 | 33.696 | 2466.5986799999996 |  | 
 |  | 20:00:00 | 7.5 | 7.55 | 12.0 | 32.616 | 2499.2146799999996 |  | 
 | 3.0 | 08:00:00 | 7.5 | 7.5 | 12.0 | 32.4 | 2531.6146799999997 |  | 
 |  | 20:00:00 | 7.4 | 7.45 | 12.0 | 32.184 | 2563.79868 |  | 
 | 4.0 | 08:00:00 | 7.4 | 7.4 | 12.0 | 31.968000000000004 | 2595.7666799999997 |  | 
 |  | 20:00:00 | 4.8 | 6.1 | 12.0 | 26.351999999999993 | 2622.1186799999996 |  | 
 | 5.0 | 08:00:00 | 4.8 | 4.8 | 12.0 | 20.735999999999997 | 2642.8546799999995 |  | 
 |  | 20:00:00 | 4.3 | 4.55 | 12.0 | 19.656 | 2662.5106799999994 |  | 
 | 6.0 | 08:00:00 | 4.8 | 4.55 | 12.0 | 19.656 | 2682.1666799999994 |  | 
 |  | 20:00:00 | 11.4 | 8.1 | 12.0 | 34.992 | 2717.1586799999995 |  | 
 | 7.0 | 08:00:00 | 5.2 | 8.3 | 12.0 | 35.856 | 2753.0146799999998 |  | 
 |  | 20:00:00 | 4.3 | 4.75 | 12.0 | 20.52 | 2773.5346799999998 |  | 
 | 8.0 | 08:00:00 | 3.8 | 4.05 | 12.0 | 17.496 | 2791.03068 |  | 
 |  | 20:00:00 | 3.0 | 3.4 | 12.0 | 14.687999999999999 | 2805.71868 |  | 
 | 9.0 | 08:00:00 | 4.0 | 3.5 | 12.0 | 15.12 | 2820.83868 |  | 
 |  | 20:00:00 | 4.3 | 4.15 | 12.0 | 17.928 | 2838.7666799999997 |  | 
 | 10.0 | 08:00:00 | 4.3 | 4.3 | 12.0 | 18.575999999999997 | 2857.3426799999997 |  | 
 |  | 20:00:00 | 3.8 | 4.05 | 12.0 | 17.496 | 2874.83868 |  | 
 | 11.0 | 08:00:00 | 2.85 | 3.325 | 12.0 | 14.364 | 2889.20268 |  | 
 |  | 20:00:00 | 2.85 | 2.85 | 12.0 | 12.312000000000001 | 2901.5146799999998 |  | 
 | 12.0 | 08:00:00 | 5.2 | 4.025 | 12.0 | 17.388 | 2918.9026799999997 |  | 
 |  | 20:00:00 | 3.8 | 4.5 | 12.0 | 19.439999999999998 | 2938.3426799999997 |  | 
 | 13.0 | 08:00:00 | 3.0 | 3.4 | 12.0 | 14.687999999999999 | 2953.03068 |  | 
 |  | 20:00:00 | 2.95 | 2.975 | 12.0 | 12.852 | 2965.8826799999997 |  | 
 | 14.0 | 08:00:00 | 2.92 | 2.935 | 12.0 | 12.6792 | 2978.5618799999997 |  | 
 |  | 20:00:00 | 2.89 | 2.9050000000000002 | 12.0 | 12.5496 | 2991.1114799999996 |  | 
 | 15.0 | 08:00:00 | 2.89 | 2.89 | 12.0 | 12.4848 | 3003.5962799999998 |  | 
 |  | 20:00:00 | 2.85 | 2.87 | 12.0 | 12.398399999999999 | 3015.99468 |  | 
 | 16.0 | 08:00:00 | 2.85 | 2.85 | 12.0 | 12.312000000000001 | 3028.3066799999997 |  | 
 |  | 20:00:00 | 2.85 | 2.85 | 12.0 | 12.312000000000001 | 3040.6186799999996 |  | 
 | 17.0 | 08:00:00 | 2.21 | 2.5300000000000002 | 12.0 | 10.9296 | 3051.5482799999995 |  | 
 |  | 20:00:00 | 2.21 | 2.21 | 12.0 | 9.5472 | 3061.0954799999995 |  | 
 | 18.0 | 08:00:00 | 2.0 | 2.105 | 12.0 | 9.093599999999999 | 3070.1890799999996 |  | 
 |  | 20:00:00 | 1.82 | 1.9100000000000001 | 12.0 | 8.2512 | 3078.44028 |  | 
 | 19.0 | 08:00:00 | 1.82 | 1.82 | 12.0 | 7.8624 | 3086.30268 |  | 
 |  | 20:00:00 | 1.82 | 1.82 | 12.0 | 7.8624 | 3094.1650799999998 |  | 
 | 20.0 | 08:00:00 | 1.82 | 1.82 | 12.0 | 7.8624 | 3102.0274799999997 |  | 
 |  | 20:00:00 | 1.82 | 1.82 | 12.0 | 7.8624 | 3109.8898799999997 |  | 
 | 21.0 | 08:00:00 | 1.82 | 1.82 | 12.0 | 7.8624 | 3117.7522799999997 |  | 
 |  | 20:00:00 | 1.82 | 1.82 | 12.0 | 7.8624 | 3125.6146799999997 |  | 
 | 22.0 | 08:00:00 | 1.54 | 1.6800000000000002 | 12.0 | 7.257600000000001 | 3132.8722799999996 |  | 
 |  | 20:00:00 | 1.54 | 1.54 | 12.0 | 6.6528 | 3139.5250799999994 |  | 
 | 23.0 | 08:00:00 | 1.54 | 1.54 | 12.0 | 6.6528 | 3146.1778799999993 |  | 
 |  | 20:00:00 | 1.41 | 1.475 | 12.0 | 6.372000000000001 | 3152.549879999999 |  | 
 | 24.0 | 08:00:00 | 2.0 | 1.705 | 12.0 | 7.3656 | 3159.915479999999 |  | 
 |  | 20:00:00 | 1.82 | 1.9100000000000001 | 12.0 | 8.2512 | 3168.1666799999994 |  | 
 | 25.0 | 08:00:00 | 1.82 | 1.82 | 12.0 | 7.8624 | 3176.0290799999993 |  | 
 |  | 20:00:00 | 1.54 | 1.6800000000000002 | 12.0 | 7.257600000000001 | 3183.2866799999993 |  | 
 | 26.0 | 08:00:00 | 1.54 | 1.54 | 12.0 | 6.6528 | 3189.939479999999 |  | 
 |  | 20:00:00 | 1.54 | 1.54 | 12.0 | 6.6528 | 3196.592279999999 |  | 
 | 27.0 | 08:00:00 | 1.82 | 1.6800000000000002 | 12.0 | 7.257600000000001 | 3203.849879999999 |  | 
 |  | 20:00:00 | 1.82 | 1.82 | 12.0 | 7.8624 | 3211.712279999999 |  | 
 | 28.0 | 08:00:00 | 2.01 | 1.915 | 12.0 | 8.2728 | 3219.985079999999 |  | 
 |  | 20:00:00 | 2.01 | 2.01 | 12.0 | 8.6832 | 3228.668279999999 |  | 
 | 29.0 | 08:00:00 | 1.96 | 1.9849999999999999 | 12.0 | 8.5752 | 3237.243479999999 |  | 
 |  | 20:00:00 | 1.96 | 1.96 | 12.0 | 8.4672 | 3245.7106799999992 |  | 
 | 30.0 | 08:00:00 | 1.56 | 1.76 | 12.0 | 7.6032 | 3253.3138799999992 |  | 
 |  | 20:00:00 | 4.3 | 2.9299999999999997 | 12.0 | 12.657599999999999 | 3265.9714799999992 |  | 
 | 31.0 | 08:00:00 | 4.3 | 4.3 | 12.0 | 18.575999999999997 | 3284.5474799999993 |  | 
 |  | 20:00:00 | 7.8 | 6.05 | 12.0 | 26.135999999999996 | 3310.6834799999992 |  | 
9.0 | 1.0 | 08:00:00 | 5.1 | 6.449999999999999 | 12.0 | 27.863999999999997 | 3338.5474799999993 | 941.2847999999994 | 1157.7803039999992
 |  | 20:00:00 | 3.8 | 4.449999999999999 | 12.0 | 19.223999999999997 | 3357.7714799999994 |  | 
 | 2.0 | 08:00:00 | 3.8 | 3.8 | 12.0 | 16.415999999999997 | 3374.1874799999996 |  | 
 |  | 20:00:00 | 3.8 | 3.8 | 12.0 | 16.415999999999997 | 3390.6034799999998 |  | 
 | 3.0 | 08:00:00 | 3.8 | 3.8 | 12.0 | 16.415999999999997 | 3407.01948 |  | 
 |  | 20:00:00 | 7.4 | 5.6 | 12.0 | 24.191999999999997 | 3431.21148 |  | 
 | 4.0 | 08:00:00 | 7.6 | 7.5 | 12.0 | 32.4 | 3463.61148 |  | 
 |  | 20:00:00 | 8.5 | 8.05 | 12.0 | 34.776 | 3498.38748 |  | 
 | 5.0 | 08:00:00 | 8.2 | 8.35 | 12.0 | 36.071999999999996 | 3534.45948 |  | 
 |  | 20:00:00 | 8.2 | 8.2 | 12.0 | 35.42399999999999 | 3569.88348 |  | 
 | 6.0 | 08:00:00 | 7.9 | 8.05 | 12.0 | 34.776 | 3604.65948 |  | 
 |  | 14:00:00 | 10.2 | 9.05 | 6.0 | 19.548000000000002 | 3624.20748 |  | 
 |  | 20:00:00 | 13.3 | 11.75 | 6.0 | 25.38 | 3649.58748 |  | 
 | 7.0 | 08:00:00 | 16.1 | 14.700000000000001 | 12.0 | 63.504 | 3713.09148 |  | 
 |  | 20:00:00 | 21.7 | 18.9 | 12.0 | 81.648 | 3794.73948 |  | 
 | 8.0 | 02:00:00 | 27.8 | 24.75 | 6.0 | 53.46 | 3848.19948 |  | 
 | 8.0 | 08:00:00 | 25.6 | 26.700000000000003 | 6.0 | 57.672000000000004 | 3905.8714800000002 |  | 
 |  | 14:00:00 | 23.8 | 24.700000000000003 | 6.0 | 53.352000000000004 | 3959.22348 |  | 
 |  | 20:00:00 | 18.5 | 21.15 | 6.0 | 45.684 | 4004.9074800000003 |  | 
 | 9.0 | 08:00:00 | 17.8 | 18.15 | 12.0 | 78.40799999999999 | 4083.31548 |  | 
 |  | 20:00:00 | 13.0 | 15.4 | 12.0 | 66.528 | 4149.84348 |  | 
 | 10.0 | 08:00:00 | 12.4 | 12.7 | 12.0 | 54.86399999999999 | 4204.70748 |  | 
 |  | 20:00:00 | 11.4 | 11.9 | 12.0 | 51.408 | 4256.11548 |  | 
 | 11.0 | 08:00:00 | 11.4 | 11.4 | 12.0 | 49.248000000000005 | 4305.36348 |  | 
 |  | 20:00:00 | 11.4 | 11.4 | 12.0 | 49.248000000000005 | 4354.61148 |  | 
 | 12.0 | 08:00:00 | 11.2 | 11.3 | 12.0 | 48.81600000000001 | 4403.427479999999 |  | 
 |  | 20:00:00 | 10.8 | 11.0 | 12.0 | 47.519999999999996 | 4450.94748 |  | 
 | 13.0 | 08:00:00 | 11.2 | 11.0 | 12.0 | 47.519999999999996 | 4498.46748 |  | 
 |  | 20:00:00 | 8.0 | 9.6 | 12.0 | 41.471999999999994 | 4539.93948 |  | 
 | 14.0 | 08:00:00 | 6.1 | 7.05 | 12.0 | 30.455999999999996 | 4570.39548 |  | 
 |  | 20:00:00 | 5.8 | 5.949999999999999 | 12.0 | 25.703999999999997 | 4596.09948 |  | 
 | 15.0 | 08:00:00 | 5.01 | 5.404999999999999 | 12.0 | 23.349599999999995 | 4619.449079999999 |  | 
 |  | 20:00:00 | 5.01 | 5.01 | 12.0 | 21.643199999999997 | 4641.09228 |  | 
 | 16.0 | 08:00:00 | 5.01 | 5.01 | 12.0 | 21.643199999999997 | 4662.73548 |  | 
 |  | 20:00:00 | 4.8 | 4.904999999999999 | 12.0 | 21.189599999999995 | 4683.92508 |  | 
 | 17.0 | 08:00:00 | 4.8 | 4.8 | 12.0 | 20.735999999999997 | 4704.66108 |  | 
 |  | 20:00:00 | 4.8 | 4.8 | 12.0 | 20.735999999999997 | 4725.39708 |  | 
 | 18.0 | 08:00:00 | 4.8 | 4.8 | 12.0 | 20.735999999999997 | 4746.13308 |  | 
 |  | 20:00:00 | 4.6 | 4.699999999999999 | 12.0 | 20.303999999999995 | 4766.43708 |  | 
 | 19.0 | 08:00:00 | 3.8 | 4.199999999999999 | 12.0 | 18.143999999999995 | 4784.58108 |  | 
 |  | 20:00:00 | 3.0 | 3.4 | 12.0 | 14.687999999999999 | 4799.26908 |  | 
 | 20.0 | 08:00:00 | 2.85 | 2.925 | 12.0 | 12.635999999999997 | 4811.90508 |  | 
 |  | 20:00:00 | 2.85 | 2.85 | 12.0 | 12.312000000000001 | 4824.21708 |  | 
 | 21.0 | 08:00:00 | 2.64 | 2.745 | 12.0 | 11.8584 | 4836.07548 |  | 
 |  | 20:00:00 | 2.42 | 2.5300000000000002 | 12.0 | 10.9296 | 4847.005080000001 |  | 
 | 22.0 | 08:00:00 | 2.42 | 2.42 | 12.0 | 10.4544 | 4857.45948 |  | 
 |  | 20:00:00 | 2.4 | 2.41 | 12.0 | 10.411200000000001 | 4867.87068 |  | 
 | 23.0 | 08:00:00 | 2.4 | 2.4 | 12.0 | 10.367999999999999 | 4878.23868 |  | 
 |  | 20:00:00 | 2.4 | 2.4 | 12.0 | 10.367999999999999 | 4888.606680000001 |  | 
 | 24.0 | 08:00:00 | 2.4 | 2.4 | 12.0 | 10.367999999999999 | 4898.974680000001 |  | 
 |  | 20:00:00 | 2.38 | 2.3899999999999997 | 12.0 | 10.324799999999998 | 4909.2994800000015 |  | 
 | 25.0 | 08:00:00 | 2.38 | 2.38 | 12.0 | 10.2816 | 4919.581080000002 |  | 
 |  | 20:00:00 | 2.38 | 2.38 | 12.0 | 10.2816 | 4929.862680000002 |  | 
 | 26.0 | 08:00:00 | 2.38 | 2.38 | 12.0 | 10.2816 | 4940.144280000002 |  | 
 |  | 20:00:00 | 2.38 | 2.38 | 12.0 | 10.2816 | 4950.4258800000025 |  | 
 | 27.0 | 08:00:00 | 2.38 | 2.38 | 12.0 | 10.2816 | 4960.707480000003 |  | 
 | 28.0 | 08:00:00 | 2.4 | 2.3899999999999997 | 12.0 | 10.324799999999998 | 4971.032280000003 |  | 
 |  | 20:00:00 | 2.4 | 2.4 | 12.0 | 10.367999999999999 | 4981.4002800000035 |  | 
 | 29.0 | 08:00:00 | 2.4 | 2.4 | 12.0 | 10.367999999999999 | 4991.768280000004 |  | 
 |  | 20:00:00 | 2.4 | 2.4 | 12.0 | 10.367999999999999 | 5002.136280000004 |  | 
 | 30.0 | 08:00:00 | 2.4 | 2.4 | 12.0 | 10.367999999999999 | 5012.504280000005 |  | 
10.0 | 1.0 | 08:00:00 | 2.4 | 2.4 | 24.0 | 20.735999999999997 | 5033.2402800000045 | 1694.6928000000053 | 2084.4721440000067
 | 2.0 | 08:00:00 | 2.4 | 2.4 | 24.0 | 20.735999999999997 | 5053.976280000004 |  | 
 | 3.0 | 08:00:00 | 2.0 | 2.2 | 24.0 | 19.008 | 5072.984280000004 |  | 
 | 4.0 | 08:00:00 | 2.0 | 2.0 | 24.0 | 17.28 | 5090.264280000004 |  | 
 | 5.0 | 08:00:00 | 2.4 | 2.2 | 24.0 | 19.008 | 5109.272280000004 |  | 
 | 6.0 | 08:00:00 | 2.4 | 2.4 | 24.0 | 20.735999999999997 | 5130.008280000004 |  | 
 | 7.0 | 08:00:00 | 2.4 | 2.4 | 24.0 | 20.735999999999997 | 5150.7442800000035 |  | 
 | 8.0 | 08:00:00 | 2.4 | 2.4 | 24.0 | 20.735999999999997 | 5171.480280000003 |  | 
 | 9.0 | 08:00:00 | 2.4 | 2.4 | 24.0 | 20.735999999999997 | 5192.216280000003 |  | 
 | 10.0 | 08:00:00 | 2.85 | 2.625 | 24.0 | 22.68 | 5214.896280000004 |  | 
 | 11.0 | 08:00:00 | 4.38 | 3.615 | 24.0 | 31.2336 | 5246.129880000003 |  | 
 | 12.0 | 08:00:00 | 5.01 | 4.695 | 24.0 | 40.5648 | 5286.694680000003 |  | 
 |  | 20:00:00 | 10.8 | 7.905 | 12.0 | 34.1496 | 5320.844280000003 |  | 
 | 13.0 | 08:00:00 | 9.5 | 10.15 | 12.0 | 43.848 | 5364.692280000003 |  | 
 | 14.0 | 08:00:00 | 9.0 | 9.25 | 24.0 | 79.92 | 5444.612280000003 |  | 
 |  | 20:00:00 | 8.5 | 8.75 | 12.0 | 37.8 | 5482.412280000003 |  | 
 | 15.0 | 08:00:00 | 8.5 | 8.5 | 12.0 | 36.72 | 5519.132280000003 |  | 
 | 16.0 | 08:00:00 | 6.98 | 7.74 | 24.0 | 66.8736 | 5586.005880000003 |  | 
 | 17.0 | 08:00:00 | 6.21 | 6.595000000000001 | 24.0 | 56.98080000000001 | 5642.986680000004 |  | 
 | 18.0 | 08:00:00 | 6.21 | 6.21 | 24.0 | 53.654399999999995 | 5696.641080000004 |  | 
 | 19.0 | 08:00:00 | 6.21 | 6.21 | 24.0 | 53.654399999999995 | 5750.295480000004 |  | 
 | 20.0 | 08:00:00 | 6.0 | 6.105 | 24.0 | 52.7472 | 5803.042680000004 |  | 
 | 21.0 | 08:00:00 | 6.0 | 6.0 | 24.0 | 51.839999999999996 | 5854.882680000004 |  | 
 | 22.0 | 08:00:00 | 5.2 | 5.6 | 24.0 | 48.38399999999999 | 5903.266680000004 |  | 
 | 23.0 | 08:00:00 | 4.75 | 4.975 | 24.0 | 42.983999999999995 | 5946.250680000005 |  | 
 | 24.0 | 08:00:00 | 4.75 | 4.75 | 24.0 | 41.04 | 5987.290680000005 |  | 
 | 25.0 | 08:00:00 | 4.75 | 4.75 | 24.0 | 41.04 | 6028.330680000005 |  | 
 | 26.0 | 08:00:00 | 4.46 | 4.605 | 24.0 | 39.787200000000006 | 6068.117880000004 |  | 
 | 27.0 | 08:00:00 | 4.46 | 4.46 | 24.0 | 38.5344 | 6106.652280000004 |  | 
 | 28.0 | 08:00:00 | 4.46 | 4.46 | 24.0 | 38.5344 | 6145.186680000003 |  | 
 | 29.0 | 08:00:00 | 4.21 | 4.335 | 24.0 | 37.45439999999999 | 6182.641080000003 |  | 
 | 30.0 | 08:00:00 | 4.21 | 4.21 | 24.0 | 36.374399999999994 | 6219.015480000003 |  | 
 | 31.0 | 08:00:00 | 4.21 | 4.21 | 24.0 | 36.374399999999994 | 6255.389880000002 |  | 
11.0 | 1.0 | 08:00:00 | 4.2 | 4.205 | 24.0 | 36.3312 | 6291.721080000002 | 1258.4807999999975 | 1547.931383999997
 | 11.0 | 08:00:00 | 3.02 | 3.6100000000000003 | 240.0 | 311.904 | 6603.625080000002 |  | 
 | 21.0 | 08:00:00 | 2.0 | 2.51 | 240.0 | 216.86399999999998 | 6820.489080000001 |  | 
12.0 | 1.0 | 08:00:00 | 2.1 | 2.05 | 240.0 | 177.11999999999998 | 6997.609080000001 | 705.887999999999 | 868.2422399999988
 | 11.0 | 08:00:00 | 1.38 | 1.74 | 240.0 | 150.336 | 7147.945080000001 |  | 
 | 21.0 | 08:00:00 | 1.1 | 1.24 | 240.0 | 107.13600000000001 | 7255.081080000002 |  | 
2008-01-01 |  | 08:00:00 | 1.08 | 1.09 | 264.0 | 103.59360000000001 | 7358.674680000002 | 361.0656000000008 | 444.110688000001